"name","party","Q_1","Q_2","Q_3","Q_4","Q_5","Q_6","Q_7","Q_8","Q_9","Q_10","Q_11","Q_12","Q_13","Q_14","Q_15","Q_16","Q_17","Q_18","Q_19","Q_20","Q_21","Q_22","Q_23","Q_24","Q_25","Q_26","Q_27","Q_28","Q_29"
"Raimond Kaljulaid","SDE",2,4,2,3,NA,3,1,NA,1,4,4,NA,3,4,1,NA,NA,4,1,4,1,1,1,2,4,1,4,4,4
"Katrin Helendi","Reformierakond",2,1,3,3,2,3,3,NA,2,4,3,NA,3,NA,NA,3,2,2,2,3,NA,1,2,3,3,3,3,3,3
"Ivi Eenmaa","Reformierakond",2,1,1,4,3,4,3,3,2,3,4,2,1,3,2,NA,2,3,1,3,3,1,1,3,3,3,4,3,2
"Tiit Soorm","Reformierakond",2,1,1,3,3,3,4,2,2,3,4,3,4,2,3,3,4,1,2,3,3,1,2,2,3,4,2,4,2
"Sander Andla","Reformierakond",2,1,1,4,1,2,3,2,1,3,2,3,1,NA,2,4,4,2,1,3,1,1,2,4,4,3,3,4,3
"Vilja Toomast","Reformierakond",3,1,1,3,4,4,1,3,2,4,4,2,3,4,1,3,2,3,2,4,2,1,2,3,3,3,3,4,3
"Ülle Rajasalu","Reformierakond",2,1,1,3,2,3,3,2,2,3,4,3,2,3,4,2,3,2,1,4,2,1,1,2,3,3,3,4,3
"Urmas Paet","Reformierakond",2,1,1,4,3,3,3,3,2,3,4,3,3,4,1,3,3,2,2,4,2,1,2,3,3,2,3,3,3
"Merle Pussak","Reformierakond",2,1,1,2,2,3,4,2,2,4,3,3,2,4,1,4,3,3,1,4,2,1,3,2,3,3,3,4,2
"Riho Johanson","Reformierakond",2,1,1,4,4,4,3,3,2,3,4,1,3,2,3,4,4,2,1,4,2,1,2,2,1,3,4,4,3
"Lembit Kolk","Reformierakond",3,3,2,2,1,4,3,3,2,3,4,3,1,3,3,3,3,1,2,4,3,2,2,3,3,4,2,3,3
"Sten Laansoo","Reformierakond",3,1,1,4,1,3,1,3,2,4,3,3,2,4,1,4,4,4,3,3,3,2,2,3,4,3,3,4,3
"Merili Ranniste","Reformierakond",3,2,2,2,3,3,3,2,2,3,4,3,3,4,1,3,3,3,2,3,2,2,3,3,3,3,3,3,2
"Tiit Kuusmik","Reformierakond",3,3,4,2,4,2,2,4,2,1,3,2,4,2,4,2,1,3,3,3,2,1,2,3,3,2,3,2,NA
"Margit Sutrop","Reformierakond",2,1,2,3,2,4,2,3,1,3,3,2,3,2,3,2,2,3,2,4,2,1,4,1,3,3,3,3,2
"Katrin Kuusemäe","Reformierakond",2,1,1,3,2,3,3,2,2,4,2,3,1,NA,1,NA,4,3,1,4,1,1,4,1,3,3,4,4,2
"Ivar Lilleberg","Reformierakond",2,1,2,3,3,2,4,1,3,4,4,3,3,NA,3,NA,3,1,3,4,2,2,4,3,4,4,3,4,3
"Jürgen Ligi","Reformierakond",2,1,1,4,2,3,3,2,2,3,3,2,3,3,3,3,2,2,2,4,1,2,2,2,3,3,2,4,3
"Taimo Tugi","Reformierakond",2,2,2,3,2,3,4,2,3,3,4,2,3,3,4,4,2,2,2,4,1,2,2,2,4,3,3,3,3
"Kaisa Edenberg","Reformierakond",2,1,1,3,2,3,4,1,1,4,4,4,1,4,1,4,4,1,1,3,1,1,1,3,4,4,1,4,3
"Valdo Randpere","Reformierakond",2,1,1,3,1,4,3,2,3,4,4,4,1,4,1,4,3,3,1,4,4,1,1,3,4,4,4,3,3
"Doris Raudsepp","Reformierakond",3,1,3,4,2,3,3,2,1,4,3,3,4,4,2,4,3,4,2,4,3,1,3,3,4,3,4,4,3
"Kalle Laanet","Reformierakond",3,2,3,3,2,3,3,2,3,2,3,3,2,1,3,3,3,1,1,3,2,2,2,2,3,3,3,3,3
"Eero Merilind","Reformierakond",2,3,2,3,4,1,3,2,3,3,3,3,3,4,1,4,4,3,2,3,2,3,2,4,3,3,3,3,3
"Mario Kadastik","Reformierakond",2,2,3,4,3,3,3,2,2,4,3,4,2,4,1,4,4,2,2,4,2,1,2,3,4,4,3,4,4
"Jaanus Tamkivi","Reformierakond",3,2,2,3,2,3,1,3,1,4,4,3,4,2,3,3,4,2,1,4,2,1,1,3,4,3,4,4,3
"Liis Klaar","Reformierakond",3,3,3,3,2,4,3,3,2,3,4,2,1,2,4,4,2,3,2,2,2,1,3,2,2,4,3,3,4
"Kristo Enn Vaga","Reformierakond",2,1,2,3,2,3,3,3,2,4,1,3,2,3,2,4,4,3,2,4,2,1,3,3,3,3,3,4,3
"Mati Raidma","Reformierakond",2,1,1,3,1,4,4,2,2,4,2,4,4,3,1,4,4,1,1,4,2,1,2,2,4,4,4,4,2
"Hanno Pevkur","Reformierakond",2,1,1,3,1,4,3,1,2,3,3,3,2,3,3,4,4,2,2,4,2,1,2,3,4,3,3,3,3
"Lauri Laats","Keskerakond",4,4,4,2,4,2,2,2,3,3,3,3,3,2,4,3,3,2,2,3,3,4,3,1,2,2,3,3,3
"Merle Klandorf","Keskerakond",2,3,3,3,4,4,4,1,3,2,4,2,3,1,4,3,1,1,1,3,1,3,3,1,2,4,3,1,3
"Oleg Siljanov","Keskerakond",3,4,4,2,3,3,2,2,2,3,3,3,4,NA,3,3,3,2,2,3,3,4,3,1,2,3,3,4,2
"Igor Kravtšenko","Keskerakond",3,3,3,2,3,3,2,2,3,2,3,3,2,2,3,2,3,2,1,3,2,4,3,3,2,2,4,2,3
"Vahur Kõlvart","Keskerakond",2,4,4,2,4,2,2,NA,NA,2,3,NA,3,NA,3,3,NA,2,2,1,2,4,3,2,2,3,2,3,3
"Vadim Belobrovtsev","Keskerakond",3,3,4,2,3,2,2,3,3,2,3,4,3,1,4,4,NA,3,2,4,1,4,4,1,2,NA,NA,3,3
"Arvo Aller","EKRE",4,3,4,2,4,4,1,1,3,1,4,1,4,1,4,3,2,1,1,1,2,1,3,2,1,4,4,1,2
"Katrin Pauts","Keskerakond",3,3,3,3,4,3,3,2,1,3,4,2,2,4,2,4,4,2,2,3,2,1,2,NA,2,3,2,3,2
"Ene Vahter","Keskerakond",2,2,3,3,2,4,2,2,1,2,4,3,3,3,3,3,2,3,2,3,1,1,3,2,3,2,3,4,2
"Jaanus Karilaid","Keskerakond",3,3,3,3,4,3,3,2,2,2,4,3,3,2,4,3,4,2,1,3,1,3,3,1,1,3,2,2,2
"Ago Kaasik","Parempoolsed",2,1,1,3,2,4,2,1,2,3,3,1,3,NA,NA,3,NA,2,1,3,3,2,2,3,4,4,3,4,3
"Igor Gräzin","Keskerakond",2,3,4,3,4,2,4,3,4,1,4,3,3,3,3,3,3,4,1,4,NA,4,2,4,2,4,3,1,1
"Lauri Drubinš","Reformierakond",3,2,3,4,3,3,3,3,2,3,3,3,2,3,3,4,3,2,1,4,2,1,2,2,3,3,4,3,3
"Lauri Vahtre","Isamaa",2,2,2,4,2,4,4,1,3,2,4,1,4,1,4,3,3,1,1,4,2,1,3,2,3,4,3,2,3
"Ülle Juht","Keskerakond",4,4,4,1,3,1,1,2,3,1,3,2,4,2,4,3,3,3,1,2,1,2,4,1,3,4,2,2,3
"Jüri Saar","Keskerakond",4,4,4,1,1,3,4,3,1,1,4,2,4,1,4,3,1,2,1,3,1,1,4,1,3,1,4,1,1
"Eerik-Niiles Kross","Reformierakond",2,1,1,3,1,3,3,2,2,4,NA,2,2,3,2,NA,NA,3,2,4,3,2,1,3,3,4,3,3,3
"Jüri Lebedev","Reformierakond",3,1,2,3,NA,3,3,2,2,3,4,3,2,NA,3,3,2,3,1,4,2,3,2,2,2,4,3,3,3
"Hardi Pikkmets","Keskerakond",3,3,3,3,3,2,4,2,3,3,4,2,3,1,4,4,2,1,1,3,2,1,3,1,1,4,4,2,4
"Kalev Kaljuste","Keskerakond",4,3,3,2,3,2,3,2,2,3,3,3,4,2,3,3,2,2,2,4,2,4,3,3,2,3,3,3,4
"Varje Tipp","Keskerakond",4,3,3,2,4,2,3,3,3,3,4,3,4,2,4,2,1,3,1,3,1,3,4,4,3,2,4,2,1
"Marika Valter","Reformierakond",2,2,3,2,2,3,4,1,1,4,4,3,2,3,2,3,4,4,2,3,3,1,3,1,4,3,2,3,3
"Erli Aasamets","Keskerakond",3,4,3,3,3,4,3,2,2,3,2,3,3,NA,NA,NA,3,3,2,3,2,3,2,2,2,NA,3,3,3
"Andrus Seeme","Reformierakond",4,2,2,2,2,2,3,1,3,2,3,4,3,1,4,3,2,1,2,4,1,1,1,2,3,4,4,3,2
"Andrus Umboja","Reformierakond",2,1,1,4,1,3,2,3,2,3,3,2,3,3,2,4,3,2,2,4,2,2,2,2,4,3,4,3,3
"Tarmo Tamm","Keskerakond",4,4,4,3,3,2,3,2,2,2,3,2,3,2,3,3,2,2,1,4,1,3,2,2,2,2,3,3,2
"Eve Kislov","SDE",4,3,3,3,4,2,2,2,3,2,2,3,3,2,3,4,3,2,2,3,2,3,3,2,2,3,4,3,3
"Angela Siinor","SDE",3,3,3,2,3,3,3,3,2,3,4,2,3,NA,NA,3,2,2,2,2,2,2,2,3,2,2,3,3,2
"Reili Rand","SDE",3,4,3,2,3,4,3,3,1,4,3,4,4,4,1,4,4,4,1,4,2,3,3,1,1,2,3,4,2
"Liis Rosin","SDE",3,2,3,2,2,3,2,3,2,3,3,3,3,3,2,3,3,3,2,3,2,2,3,3,3,3,3,4,2
"Margit Väikmeri","SDE",2,3,2,1,2,4,3,3,2,3,3,3,3,3,1,4,3,3,3,3,1,3,4,2,2,3,4,4,4
"Kaarel Oja","SDE",3,4,3,3,NA,3,3,3,2,4,2,3,3,4,1,4,4,4,2,3,3,3,3,2,3,2,2,4,3
"Jevgeni Ossinovski","SDE",2,3,2,1,NA,2,2,2,2,4,3,3,1,4,1,4,4,3,2,4,NA,4,2,2,NA,1,2,4,2
"Eiki Nestor","SDE",2,4,2,3,4,3,3,2,2,4,2,3,2,4,1,4,3,3,3,4,3,3,4,2,1,1,3,4,2
"Tõnu Oja","SDE",3,4,2,4,4,2,1,2,2,4,3,3,3,3,1,3,NA,3,2,3,1,3,2,3,1,4,4,4,3
"Lauri Paeveer","SDE",3,3,2,4,4,3,3,2,2,2,3,2,3,3,1,4,3,2,2,3,3,2,2,2,1,3,4,4,3
"Anneli Pärlin","SDE",3,4,2,3,2,3,3,3,2,3,4,3,2,3,2,3,3,2,2,3,2,1,3,2,NA,3,2,4,2
"Mari Speek","SDE",3,4,4,2,2,3,3,4,2,4,1,4,1,4,1,4,4,4,3,4,3,3,4,4,4,1,1,4,2
"Reno Laidre","Reformierakond",3,1,2,3,1,4,3,2,2,4,4,4,3,3,2,4,4,2,1,4,2,1,NA,1,4,3,3,4,4
"Maris Jõgeva","SDE",2,3,3,3,3,3,2,3,1,4,NA,3,2,4,NA,3,3,4,2,4,NA,3,3,2,3,1,2,4,2
"Hele Everaus","Reformierakond",3,1,2,3,4,3,3,2,2,2,3,3,2,2,4,2,2,2,1,3,2,2,2,3,3,1,3,2,2
"Irina Talviste","Reformierakond",2,1,2,4,2,4,4,1,2,4,2,3,1,3,NA,NA,4,2,3,4,NA,1,2,3,4,NA,NA,4,3
"Toomas Rõhu","Reformierakond",3,2,2,3,2,3,4,3,2,1,4,3,4,3,4,3,NA,2,1,3,1,1,3,1,2,3,2,4,3
"Raido Parve","SDE",3,4,3,3,3,3,3,2,2,3,3,NA,3,4,NA,4,NA,2,2,3,2,3,4,2,3,4,3,NA,2
"Eerik Lumiste","SDE",2,3,3,3,4,4,3,2,3,2,4,3,3,3,3,4,3,2,2,4,1,3,3,1,3,3,4,2,2
"Ott Valdma","SDE",4,4,3,2,3,4,3,2,3,4,3,3,2,NA,3,3,NA,3,NA,3,3,1,2,1,2,2,4,3,3
"Krista Aru","SDE",2,4,3,4,4,3,3,2,2,4,4,3,2,4,2,3,2,2,1,3,3,3,2,2,2,3,3,4,2
"Maano Koemets","SDE",3,3,2,3,3,3,2,2,2,3,3,3,3,3,2,3,3,3,2,3,3,2,2,2,2,3,3,3,3
"Lemmit Kaplinski","SDE",3,4,2,4,3,4,2,2,2,4,4,4,1,4,1,4,NA,2,2,3,3,2,2,3,2,4,4,3,2
"Rauno Alliksaar","Rohelised",NA,4,4,3,3,2,1,2,1,4,4,NA,2,4,1,4,4,4,2,3,NA,1,4,NA,4,1,1,4,1
"Pille Petersoo","SDE",3,3,4,3,2,2,1,3,1,4,3,3,3,4,1,4,4,4,3,3,2,3,2,2,2,3,2,4,2
"Jari Pärgma","SDE",3,3,1,2,4,3,2,1,2,4,2,NA,3,4,1,3,4,4,1,2,3,4,4,3,3,3,3,3,3
"Toomas Jürgenstein","SDE",3,4,3,3,3,3,3,3,2,3,3,3,3,4,2,3,NA,3,2,3,1,4,4,2,2,3,3,4,3
"Lea Danilson-Järg","Isamaa",2,2,2,3,NA,3,4,1,2,2,4,1,4,2,4,2,4,2,1,3,1,1,2,2,2,2,3,NA,3
"Vahur Koorits","SDE",2,4,1,3,1,2,3,2,3,3,1,NA,2,NA,1,3,NA,3,NA,4,1,2,4,2,4,2,4,4,4
"Riido Villup","Reformierakond",3,1,1,3,2,2,4,1,1,4,3,2,2,2,1,4,4,3,2,4,1,1,1,2,3,4,4,4,3
"Sirje Tobreluts","SDE",4,3,2,3,3,2,3,2,3,2,4,4,3,3,2,4,3,2,2,4,2,4,3,2,2,3,2,4,2
"Aivar Jaeski","SDE",2,3,3,3,3,1,4,1,2,3,4,3,3,2,3,3,NA,2,1,3,3,1,2,1,1,1,4,3,3
"Õnne Pillak","Reformierakond",2,1,1,3,2,2,4,2,1,4,4,3,4,3,4,3,3,1,1,4,2,1,3,2,3,3,3,4,3
"Siim Tuisk","SDE",3,4,2,2,3,3,2,2,2,4,2,4,3,4,1,4,4,4,2,4,1,4,3,2,2,1,1,4,2
"Maris Hellrand","SDE",2,3,3,3,2,3,3,3,1,4,NA,3,2,4,NA,4,NA,3,2,4,4,NA,1,NA,3,1,3,4,3
"Karin Paulus","SDE",2,4,3,1,NA,2,3,3,2,4,3,4,NA,4,1,4,4,4,2,3,1,4,3,1,1,2,4,4,2
"Vladislav Veližanin","SDE",3,4,2,1,1,3,2,1,1,4,2,4,1,4,1,3,4,4,3,3,2,3,4,2,2,2,1,4,4
"Aleksandr Popov","SDE",4,3,4,4,3,3,3,2,3,3,3,4,1,4,1,3,3,4,1,4,4,4,4,3,3,3,4,4,3
"Priit Toobal","Keskerakond",4,4,4,1,4,3,2,2,3,2,2,3,4,NA,NA,3,2,2,1,4,NA,NA,3,1,1,4,4,3,3
"Aleksandr Tšaplõgin","Keskerakond",4,3,4,1,4,1,2,3,4,1,1,4,4,NA,4,NA,1,2,1,2,1,4,4,1,1,2,NA,1,1
"Ismail Mirzojev","Keskerakond",3,3,4,3,4,3,2,1,3,2,3,3,4,2,4,3,4,1,1,2,1,4,4,1,2,4,4,2,1
"Andre Hanimägi","Keskerakond",3,3,3,3,2,3,3,2,3,2,3,2,3,NA,3,3,NA,1,2,2,2,3,3,1,2,3,3,2,3
"Andrei Korobeinik","Keskerakond",3,3,3,2,4,2,2,1,2,3,3,3,1,3,1,3,3,3,2,3,1,4,3,3,3,3,2,2,2
"Raivo Uukkivi","Keskerakond",4,3,3,2,3,1,3,1,1,2,4,3,3,2,4,4,3,1,1,3,1,4,4,1,2,4,3,2,2
"Karmo Kuri","SDE",3,3,2,3,3,3,3,2,1,3,3,3,2,3,2,4,3,3,1,3,1,2,3,1,3,3,3,4,2
"Tõnis Mölder","Keskerakond",4,4,4,1,4,2,3,NA,1,2,NA,NA,4,1,4,NA,4,2,1,4,1,4,4,3,2,3,1,4,1
"Aili Ilves","SDE",3,3,4,2,1,4,3,3,2,3,3,2,4,2,NA,3,2,3,1,4,2,3,2,1,4,1,1,3,2
"Kati Nõlvak","SDE",2,4,4,2,3,3,3,1,3,3,3,NA,4,4,1,4,3,3,2,3,2,2,3,2,3,3,3,3,3
"Kajar Lember","SDE",3,3,3,3,3,3,3,2,2,3,3,3,3,2,3,3,3,2,2,3,2,3,3,2,2,3,3,3,2
"Marika Saar","SDE",3,4,3,1,3,3,2,3,1,4,4,4,1,4,1,4,4,4,2,4,1,4,3,1,2,3,3,4,3
"Kati Kuusk","Parempoolsed",2,1,1,3,1,3,2,1,2,3,3,1,3,NA,NA,3,NA,2,1,3,2,2,1,4,4,4,4,4,4
"Rait Mattias Salvan","Parempoolsed",2,1,1,3,1,3,2,1,2,3,3,1,3,NA,NA,3,NA,2,1,3,3,2,2,4,4,4,4,4,4
"Krista Vapper","Parempoolsed",2,1,1,3,2,3,3,2,2,3,3,3,2,3,1,4,4,3,1,4,4,2,1,3,2,3,3,3,3
"Aadi Tegova","Parempoolsed",2,1,1,3,1,3,2,1,2,3,2,1,2,3,2,3,NA,2,1,2,4,1,2,4,4,4,3,4,4
"Aili Avi","Parempoolsed",3,NA,2,2,3,2,3,2,1,3,NA,3,2,NA,NA,NA,NA,3,1,3,2,NA,2,4,3,NA,3,4,2
"Tarmo Linnamägi","Parempoolsed",2,1,1,3,1,3,2,1,2,3,3,2,3,3,NA,3,NA,2,1,3,3,2,2,4,4,4,4,4,3
"Väino Tõemets","Parempoolsed",2,1,1,3,1,3,3,1,2,3,3,1,3,NA,NA,3,NA,2,1,3,2,2,2,4,3,4,4,4,4
"Esmar Naruski","Parempoolsed",2,1,2,3,3,3,4,2,1,3,4,2,4,2,3,3,1,1,1,2,4,1,1,2,3,3,3,3,2
"Gerda Kulli-Kordemets","SDE",3,2,3,1,1,1,3,2,2,3,4,3,3,4,1,4,3,4,2,4,2,1,2,2,3,3,3,3,4
"Indrek Luberg","Parempoolsed",2,1,1,3,1,4,1,1,2,4,3,1,2,4,2,4,NA,2,2,3,1,1,1,3,4,4,3,4,3
"Airi Liiva","Parempoolsed",2,1,3,3,2,3,2,2,2,3,3,1,3,NA,NA,3,NA,2,1,3,2,2,2,3,3,3,3,3,3
"Allan Muuk","Parempoolsed",2,1,1,3,1,2,2,1,2,3,3,1,3,NA,NA,3,NA,2,1,3,3,2,2,4,4,4,4,4,4
"Kati Käpp","Parempoolsed",2,1,1,3,2,3,2,1,1,4,4,2,3,NA,NA,3,NA,2,1,3,3,2,1,3,4,3,3,3,3
"Anne Ensling","Parempoolsed",2,1,1,3,1,3,2,1,2,3,3,1,3,NA,NA,3,NA,3,1,3,3,1,2,4,4,3,4,4,4
"Hedi Teidearu","Parempoolsed",2,1,1,4,2,3,2,1,2,3,3,2,3,NA,NA,4,NA,3,1,3,3,1,2,4,4,4,3,4,3
"Tiina Uueni","Parempoolsed",2,1,1,3,1,3,2,1,2,3,3,1,3,NA,NA,3,NA,2,1,3,3,2,2,4,4,4,4,4,4
"Siim Valmar Kiisler","Parempoolsed",2,1,1,3,1,3,2,1,2,3,3,1,3,NA,NA,3,NA,2,1,3,3,1,2,4,4,4,4,4,4
"Margit Leerimaa","Parempoolsed",2,1,1,3,1,3,2,1,2,3,3,1,3,NA,NA,3,NA,2,1,3,3,2,2,4,4,4,4,4,3
"Signe Laar","Parempoolsed",2,1,1,3,1,4,3,1,2,3,3,1,3,NA,NA,3,NA,2,1,3,3,2,2,4,4,4,4,4,3
"Ülle Kell","Parempoolsed",2,1,1,3,1,3,2,1,2,3,3,1,3,NA,NA,3,NA,2,1,3,3,2,2,4,4,4,4,4,4
"Tiit Terik","Keskerakond",3,3,3,3,3,3,3,2,3,3,3,1,2,1,1,4,4,2,1,3,1,3,3,3,3,2,3,4,2
"Kaisa-Lisete Kumari","Parempoolsed",2,1,1,3,2,3,2,2,2,3,3,3,2,4,1,4,4,3,1,3,2,2,2,4,4,4,4,4,3
"Mai Loog","Parempoolsed",2,1,1,3,1,3,2,1,2,3,3,1,3,3,NA,3,NA,2,1,3,3,2,2,4,4,4,4,4,4
"Rainer Lomp","Parempoolsed",2,1,1,3,1,4,2,1,2,4,3,1,3,3,2,4,4,2,1,3,3,2,2,4,3,4,4,4,3
"Rein Mootse","Parempoolsed",2,1,1,3,2,2,2,1,3,4,3,3,3,2,1,4,4,2,1,2,2,1,1,2,3,4,3,3,3
"Margus Karro","Parempoolsed",2,1,4,4,1,3,3,4,2,4,4,3,4,4,1,4,4,4,1,4,1,2,1,3,3,3,4,4,1
"Tõnu Aigro","Parempoolsed",2,2,2,3,4,2,3,2,3,3,4,2,2,2,3,3,4,2,1,3,1,1,4,2,2,2,3,3,2
"Ülo Heinsoo","Parempoolsed",2,1,1,3,2,3,3,1,2,3,4,1,3,NA,NA,4,NA,2,1,3,3,1,2,4,3,3,3,4,4
"Tiit Naber","Parempoolsed",2,1,1,3,1,3,2,1,2,3,4,2,2,3,2,3,2,2,1,3,3,2,2,3,3,3,2,3,3
"Merli Kaunissaar","Parempoolsed",2,1,3,2,2,3,3,1,2,3,3,3,3,4,2,4,4,3,2,3,2,3,3,2,3,3,3,3,2
"Marju Puurand","Parempoolsed",2,3,2,3,2,3,3,2,3,4,2,4,1,4,1,4,4,3,1,3,3,3,1,3,3,3,4,4,4
"Oivi Nõmmerga","Parempoolsed",2,1,1,3,1,3,1,2,3,4,3,1,4,NA,NA,3,NA,2,1,3,3,1,2,4,4,4,4,4,4
"Andres Tölp","Parempoolsed",2,1,3,1,3,3,2,1,2,3,4,3,3,2,1,4,3,2,1,3,1,1,4,1,3,1,3,4,1
"Tiit-Rein Viitso","Parempoolsed",1,1,1,4,1,2,3,1,3,3,3,1,4,3,NA,2,NA,2,1,4,4,2,1,4,4,4,4,NA,3
"Roman Astahhov","Parempoolsed",3,1,1,3,1,3,2,1,2,3,3,1,3,NA,NA,3,NA,2,1,3,3,2,2,4,4,4,4,4,4
"Liina Tsimmer","Parempoolsed",2,1,2,3,2,3,2,1,1,2,4,NA,2,4,NA,4,3,3,1,3,1,3,3,1,4,4,2,4,1
"Indrek Adler","Parempoolsed",3,3,1,4,1,3,2,1,2,4,3,3,3,4,NA,3,NA,2,2,4,NA,1,1,2,3,4,4,4,4
"Katrin Ekštein","Parempoolsed",3,NA,2,3,3,3,2,2,3,3,4,3,NA,3,NA,4,3,3,2,3,NA,2,2,NA,2,3,3,3,2
"Tiiu Nigul","Parempoolsed",2,1,1,3,1,3,2,1,2,3,3,1,3,NA,NA,3,NA,2,1,3,3,2,2,4,4,4,4,4,4
"Martin Kleinert","Parempoolsed",1,1,1,2,2,3,2,1,3,3,4,1,4,2,3,3,NA,1,1,4,3,1,3,2,4,4,4,3,3
"Tanel Uibo","Parempoolsed",2,1,2,3,2,2,3,NA,2,4,3,NA,2,NA,NA,3,NA,2,1,4,NA,2,2,3,3,4,3,3,3
"Tõnu Meijel","Reformierakond",3,2,2,2,4,3,3,2,2,4,3,4,3,3,NA,3,1,1,2,4,4,2,2,3,3,3,2,3,3
"Ants Liimets","EKRE",2,3,3,1,4,3,4,1,3,3,4,3,3,NA,NA,3,2,2,2,3,2,4,NA,2,3,4,3,2,3
"Adriana Jordan","Parempoolsed",2,1,1,3,1,3,2,1,2,3,3,1,3,NA,NA,3,NA,2,1,3,3,2,2,4,4,4,4,4,4
"Aimur Liiva","Parempoolsed",2,2,1,3,4,3,3,2,3,3,3,2,3,3,2,4,3,2,1,3,2,2,2,4,3,4,4,2,4
"Kairit Pihlak","SDE",2,3,2,2,2,3,2,3,2,3,4,2,2,3,2,3,4,4,1,4,2,1,3,1,2,3,4,3,3
"Annika Veidenberg","EKRE",3,3,4,2,4,1,2,1,1,3,4,2,4,4,4,3,3,4,1,2,1,1,1,1,2,3,1,1,1
"Heino Märks","EKRE",3,2,4,2,4,3,4,1,2,1,4,1,4,1,4,2,2,1,1,2,2,1,3,1,2,4,4,1,1
"Alar Laneman","EKRE",4,1,4,4,4,2,3,1,1,1,4,2,4,1,4,1,NA,1,1,4,1,1,1,4,1,2,4,1,1
"Helle-Moonika Helme","EKRE",3,3,4,2,4,2,1,1,3,1,4,1,4,1,4,2,2,2,1,2,1,1,3,1,1,4,4,1,2
"Kalmar Luisk","EKRE",2,3,3,1,4,2,4,1,3,2,4,1,4,1,4,2,2,2,1,4,1,1,4,3,4,3,4,1,1
"Indrek Kalda","EKRE",3,1,NA,4,4,NA,4,2,2,3,4,2,3,1,4,NA,2,1,1,3,2,1,2,2,1,3,3,1,2
"Jaan Mihkel Uustalu","Parempoolsed",2,3,1,3,2,2,2,2,3,3,4,1,2,4,1,3,3,3,3,3,4,1,2,3,4,4,3,2,3
"Kert Kingo","EKRE",2,4,4,1,4,1,4,1,4,1,4,1,4,1,4,NA,1,1,1,2,1,1,2,1,2,3,2,1,1
"Maido Nõlvak","SDE",3,3,4,3,4,4,3,2,2,3,3,2,4,3,2,3,3,2,2,3,2,2,1,2,2,3,4,2,2
"Lilia Müller","EKRE",4,2,4,2,4,1,2,1,2,1,4,1,4,1,4,2,2,3,1,1,2,1,3,1,2,3,2,1,1
"Priit Põldmäe","Isamaa",3,1,2,2,NA,4,NA,2,2,3,4,2,3,3,4,3,NA,NA,2,4,1,1,4,4,2,3,3,4,1
"Mati Kuklane","EKRE",2,2,3,3,4,2,3,3,3,3,4,1,4,1,4,2,2,1,1,3,1,1,3,2,2,3,3,2,2
"Matti Silla","EKRE",1,1,1,4,4,2,4,1,2,1,3,1,3,1,4,1,2,1,1,3,1,1,1,4,3,3,1,1,1
"Leo Bergström","EKRE",3,1,4,2,4,3,3,1,3,1,4,1,4,1,4,2,2,1,1,2,2,1,3,1,1,4,4,1,1
"Rudolf Jeeser","EKRE",4,1,4,4,4,3,4,1,3,1,4,1,4,1,4,2,1,1,1,3,1,1,2,3,2,4,4,1,2
"Ranno Pool","EKRE",3,3,4,2,4,2,4,1,3,2,3,1,4,1,4,NA,NA,1,1,2,1,1,2,2,1,4,1,1,1
"Ingrid Mühling","Isamaa",2,1,1,3,2,3,4,1,3,1,3,3,3,2,3,4,4,1,2,4,3,1,3,3,NA,4,4,2,3
"Valdis Toomast","Isamaa",3,1,1,3,1,3,4,1,3,2,4,4,4,2,4,3,2,2,1,3,3,1,3,2,NA,3,3,2,3
"Mikk Lõhmus","Isamaa",3,2,1,3,3,3,4,1,3,2,4,2,4,1,4,3,4,2,1,3,1,1,3,3,2,3,2,3,3
"Merike Käver","Isamaa",4,2,3,3,2,3,4,3,2,2,4,2,4,2,4,3,4,1,1,3,1,1,4,2,3,1,2,2,2
"Vootele Hansen","Isamaa",3,2,2,3,3,4,3,1,2,3,4,2,4,1,4,1,NA,2,1,3,2,1,3,3,3,3,4,3,2
"Priidu Pärna","Isamaa",2,3,2,4,1,3,3,2,3,3,3,2,3,3,4,3,3,2,3,4,2,1,2,2,2,3,3,4,3
"Tarmo Kõuts","Isamaa",3,2,3,3,3,3,3,3,2,3,4,4,3,NA,3,2,2,3,2,4,2,2,2,2,3,3,4,3,2
"Trivimi Velliste","Isamaa",3,2,2,3,1,4,3,2,1,3,4,1,4,1,4,1,1,1,1,3,1,2,1,1,3,2,3,4,4
"Ülle Rosin","EKRE",4,3,4,3,4,3,3,3,2,3,3,2,3,1,4,2,2,2,1,4,1,NA,NA,3,3,4,3,3,1
"Raivo Tamm","Isamaa",3,1,1,3,1,4,4,1,3,2,4,2,4,1,4,4,3,2,1,4,2,1,3,4,3,3,3,3,3
"Marju Aolaid","Isamaa",3,1,1,3,1,3,4,1,3,2,4,2,4,1,4,3,3,2,2,3,1,1,3,4,NA,3,3,3,3
"Heldur-Valdek Seeder","Isamaa",3,2,3,2,4,3,3,2,3,3,3,2,3,2,4,3,2,2,1,4,1,1,3,1,4,4,3,3,3
"Tiit Meren","Isamaa",2,1,2,3,3,4,3,2,3,3,4,3,3,2,4,4,3,3,2,4,2,1,1,3,3,4,2,3,3
"Artur Tiganik","Isamaa",2,3,2,3,3,4,4,2,2,1,4,3,4,4,3,4,4,1,2,3,1,1,4,4,4,4,4,2,4
"Lagle Parek","Isamaa",3,3,1,2,3,4,3,3,3,NA,4,3,2,3,3,3,2,2,2,3,3,2,2,2,2,3,3,3,3
"Tõnu Munk","Isamaa",3,2,2,3,4,2,4,2,3,1,3,1,3,1,4,2,4,1,1,3,1,1,3,3,2,4,3,1,2
"Marek Pihlak","Isamaa",3,1,3,3,4,3,3,2,2,2,2,2,4,3,4,3,NA,1,1,3,1,1,4,1,2,4,4,3,1
"Kaspar Kokk","Isamaa",2,1,4,3,2,2,3,2,3,4,3,2,3,1,4,4,3,1,1,4,1,1,4,2,1,2,4,2,2
"Jüri Ross","SDE",2,4,2,3,3,3,4,3,2,4,4,4,4,4,3,3,2,2,1,4,2,4,2,3,1,4,3,3,3
"Siim Suursild","Isamaa",2,3,3,3,4,3,3,2,2,3,4,3,3,1,3,3,2,1,3,3,2,1,1,2,2,3,3,3,3
"Üllar Saaremäe","Isamaa",3,1,1,3,1,3,4,1,3,2,4,2,4,3,2,3,2,2,1,3,1,1,3,4,NA,3,2,3,2
"Einar Vallbaum","Isamaa",2,2,2,4,3,4,2,3,1,2,4,4,2,4,3,4,3,2,1,4,2,1,1,4,2,4,4,4,3
"Reet Alev","Isamaa",3,1,1,3,1,3,4,1,3,2,4,2,4,1,4,3,2,2,1,3,1,1,3,4,NA,2,3,2,3
"Johan Kärp","Isamaa",3,3,2,2,4,3,3,1,3,1,4,2,3,1,4,3,2,2,2,3,2,1,1,2,2,3,3,2,2
"Alar Karu","Isamaa",2,1,1,3,1,3,4,1,3,2,4,2,4,2,4,4,4,1,1,3,1,1,3,3,2,3,4,3,3
"Allan Unt","Isamaa",3,2,4,4,4,4,3,2,2,2,4,1,4,2,3,4,NA,1,1,4,1,1,4,2,2,3,2,3,1
"Tarmo Piirmann","Isamaa",2,2,2,3,2,3,3,2,3,3,4,1,4,NA,4,3,NA,2,2,3,2,1,2,1,4,3,3,3,2
"Marit Sepma","Isamaa",2,2,4,3,3,1,4,1,3,3,4,2,4,1,3,1,2,1,1,4,2,1,2,3,2,4,3,2,1
"Timo Nikitin","Eesti 200",3,1,4,1,2,4,2,3,2,4,4,2,3,2,1,4,4,3,1,4,2,2,4,NA,2,4,3,4,3
"Koit Kelder","Eesti 200",2,1,1,3,2,3,3,2,2,3,3,1,3,3,1,3,3,3,2,3,1,3,3,2,3,2,3,3,3
"Grigore-Kalev Stoicescu","Eesti 200",3,2,2,3,3,3,2,3,2,4,3,4,2,4,1,4,4,4,2,4,2,3,2,2,3,4,3,4,3
"Ron Luvištšuk","Eesti 200",2,2,3,2,1,4,4,2,4,2,2,4,2,3,1,4,NA,3,3,4,2,3,2,3,3,4,3,4,4
"Margus Tsahkna","Eesti 200",3,1,1,4,4,3,3,2,3,3,3,3,4,4,1,3,2,3,1,4,2,1,2,4,2,3,3,3,3
"Kristo Mägi","Eesti 200",2,2,1,3,2,4,2,2,2,4,3,3,3,3,3,3,3,2,2,4,2,2,2,2,3,3,3,4,2
"Marek Reinaas","Eesti 200",4,1,1,3,4,4,1,1,3,4,4,4,3,3,1,4,4,2,1,1,2,1,1,1,3,3,4,4,1
"Ignar Fjuk","Eesti 200",1,3,2,3,1,3,2,2,2,2,2,2,3,3,2,3,3,2,2,3,1,2,1,3,2,3,3,3,2
"Diana Andriot","Eesti 200",4,2,3,1,4,1,2,4,2,4,4,4,4,4,1,4,4,3,2,4,1,4,4,2,3,1,2,4,1
"Merlin Linde","Eesti 200",2,1,2,3,1,4,2,1,1,4,4,4,2,4,1,4,4,4,2,3,2,1,1,2,2,3,3,4,3
"Ivo Kappet","Eesti 200",3,2,4,3,3,3,4,2,4,2,3,3,4,3,NA,NA,NA,1,2,3,NA,3,1,3,2,4,4,2,3
"Triin Varek","Keskerakond",3,4,4,3,4,3,2,3,2,3,4,4,3,4,1,4,4,3,1,4,2,4,2,1,3,3,3,3,2
"Tarmo Tamm","Eesti 200",2,2,1,4,2,2,3,2,2,3,3,2,2,3,1,3,3,2,2,4,3,1,1,3,3,2,4,4,2
"Kadri Tali","Eesti 200",3,1,1,2,3,4,1,3,3,4,4,2,3,3,2,4,4,4,2,3,1,2,4,2,4,3,4,4,3
"Pärtel Piirimäe","Eesti 200",2,2,2,3,3,3,2,1,1,3,3,3,3,3,NA,3,NA,3,2,3,3,NA,2,3,3,3,2,4,2
"Helene Lumi","Eesti 200",2,3,4,2,3,3,1,3,2,4,4,2,3,3,NA,3,2,4,1,3,1,1,2,1,3,3,4,4,3
"Martin Vilen","Eesti 200",2,2,1,3,2,2,1,3,1,4,3,2,1,4,1,4,4,4,2,4,2,1,2,4,4,3,4,4,3
"Ksenia Moskvina","Eesti 200",2,2,2,1,3,4,3,4,2,3,2,4,3,4,1,4,4,4,2,3,2,4,4,3,3,2,4,2,2
"Rein-Erik Jõe","Eesti 200",2,3,2,3,2,2,3,2,2,4,NA,NA,2,NA,2,3,2,3,2,3,NA,3,NA,2,3,4,3,4,3
"Vahur Kollom","Eesti 200",3,2,2,3,2,3,2,2,2,3,4,3,3,4,1,4,3,3,1,4,2,3,1,2,3,3,3,3,2
"Igor Taro","Eesti 200",1,4,1,4,4,4,2,4,1,4,4,1,1,4,1,4,4,1,1,4,4,1,1,4,1,4,4,4,4
"Renata Lukk","Eesti 200",3,2,2,3,3,3,2,3,2,4,3,3,2,4,1,4,4,3,3,3,3,1,2,3,2,3,3,4,3
"Irja Lutsar","Eesti 200",3,2,2,3,2,4,2,2,3,2,3,3,2,4,1,3,3,4,2,4,2,3,1,3,2,4,3,2,3
"Egle Olesk","Rohelised",2,4,4,3,2,3,1,4,1,4,3,3,1,4,1,4,4,4,3,3,2,1,3,2,3,1,1,4,1
"Piret Räni","Rohelised",4,4,3,1,4,2,3,1,1,4,NA,NA,1,4,1,4,4,4,2,3,1,2,2,1,2,1,1,4,1
"Hans Leonhard Kõrgesaar","Rohelised",3,4,4,1,4,2,1,2,1,4,4,3,4,4,1,4,4,3,2,3,4,1,1,4,4,1,3,4,1
"Margus Konnula","Rohelised",3,3,3,2,4,2,2,2,1,4,3,NA,2,4,1,3,NA,2,1,2,1,1,2,2,2,1,2,3,1
"Kullar Lubi","Rohelised",3,2,3,2,2,3,2,3,1,4,3,3,3,2,4,4,2,3,1,3,1,1,4,1,2,1,4,4,1
"Kärt Kalvet","Rohelised",2,3,3,2,1,3,1,2,1,4,1,NA,1,4,1,4,4,4,2,3,3,3,2,1,2,1,1,4,1
"Fideelia-Signe Roots","Rohelised",3,3,3,1,2,3,3,3,2,4,3,3,3,4,1,4,4,4,3,3,3,3,3,2,2,2,1,4,2
"Liina Reimann","Rohelised",NA,3,3,2,3,2,2,3,2,4,3,3,2,4,1,4,4,3,2,4,3,2,2,3,4,1,3,4,1
"Elsa Joanna Jukola","Rohelised",3,3,4,3,3,4,2,3,2,4,3,2,4,4,1,4,4,2,2,4,1,4,2,1,4,1,3,4,1
"Arvo Kuiv","Rohelised",2,1,4,4,4,1,3,1,1,4,4,4,4,1,4,4,1,1,1,1,1,1,4,4,1,4,2,4,1
"Marina Kaljurand","SDE",3,4,4,4,2,3,3,3,1,4,3,4,2,4,1,4,4,3,2,4,1,4,2,3,2,3,4,4,2
"Timur Sagitov","Rohelised",2,3,3,3,4,1,3,2,2,4,3,4,1,4,1,3,4,3,3,4,2,4,3,3,4,1,2,4,1
"Ave Mets","Rohelised",3,3,3,2,3,3,2,3,1,4,3,3,NA,4,1,4,4,3,2,2,2,2,2,1,3,2,1,4,2
"Martin Helme","EKRE",3,2,3,3,4,3,4,1,3,1,4,1,4,1,4,1,2,2,1,2,1,1,3,2,2,4,3,1,1
"Anna Kalinina","Rohelised",4,1,3,3,2,2,3,2,2,3,3,4,1,3,2,4,4,3,2,2,2,3,4,NA,3,2,3,3,2
"Kaspar Kurve","Rohelised",3,4,3,1,3,3,2,2,1,4,2,3,NA,4,1,4,4,4,4,3,1,4,3,1,2,1,3,4,2
"Helina Tilk","Rohelised",1,4,4,4,4,1,3,2,4,4,4,3,1,4,1,3,4,1,4,3,3,1,1,1,3,1,1,4,1
"Sven Arulaid","Rohelised",2,3,1,4,3,2,1,NA,1,4,NA,3,NA,4,1,4,3,NA,3,3,3,1,2,2,4,1,3,4,1
"Tuula Raidna","Rohelised",2,2,2,3,1,4,2,3,1,4,3,3,1,4,1,4,4,4,1,3,2,3,1,3,4,1,1,4,1
"Triin Toomesaar","SDE",3,4,4,2,2,2,2,2,1,4,2,3,3,4,1,3,4,4,2,4,3,3,3,1,2,2,2,4,2
"Andro Roos","Keskerakond",4,1,4,3,4,1,4,1,4,1,4,1,4,1,4,2,1,1,1,2,1,4,4,1,4,4,4,1,1
"Max Kaur","Keskerakond",4,3,3,2,3,3,3,3,3,2,3,3,3,3,NA,NA,NA,2,NA,3,NA,3,3,3,2,3,3,NA,3
"Tarmo Kruusimäe","Isamaa",3,1,1,3,2,4,4,1,3,2,4,2,4,1,4,2,NA,1,1,3,2,1,3,4,NA,3,3,2,3
"Aleksei Jašin","Eesti 200",2,3,1,2,2,3,3,3,1,4,3,2,1,2,1,4,4,3,2,4,1,2,1,2,2,3,3,4,3
"Mark Gerassimenko","SDE",3,4,4,1,3,3,2,3,2,2,3,3,1,4,1,4,4,4,4,4,3,4,3,1,2,4,3,4,4
"Velvo Väli","SDE",2,4,1,1,1,1,1,4,1,4,3,4,3,4,1,4,NA,4,3,4,1,4,1,1,3,3,3,4,2
"Roland Mere","EKRE",3,1,1,2,3,4,2,3,2,3,4,1,2,2,4,4,3,1,1,3,1,1,1,2,2,3,2,2,3
"Urmas Reitelmann","EKRE",3,2,4,3,4,2,4,1,4,1,4,1,4,1,4,2,2,1,1,1,1,1,4,2,1,4,4,1,2
"Oleg Kuznetsov","SDE",3,4,3,2,3,3,3,3,2,3,4,3,3,2,3,3,3,3,2,3,2,3,2,2,4,3,3,3,2
"Kadri Paas","Eesti 200",2,2,3,3,2,4,3,1,3,3,3,NA,3,3,1,1,3,3,1,1,1,1,1,3,2,4,4,3,3
"Marek Kullamägi","Eesti 200",3,2,4,3,3,4,3,2,3,1,3,3,3,2,4,3,2,1,1,3,2,1,3,2,2,3,2,1,1
"Kersti Kivirüüt","Eesti 200",3,2,3,1,3,3,3,3,2,3,4,3,2,4,1,4,4,4,2,4,NA,2,2,NA,NA,NA,NA,3,3
"Anastassia Kovalenko-Kõlvart","Keskerakond",4,3,4,1,2,3,3,4,3,2,3,4,4,1,4,4,4,2,2,3,1,3,3,2,2,2,3,3,2
"Eimar Veldre","SDE",3,4,3,3,3,3,3,2,2,4,4,NA,3,4,1,4,4,3,2,4,4,3,3,2,2,2,4,4,3
"Urmas Heinaste","Rohelised",3,3,3,3,4,2,2,2,1,4,4,2,2,3,3,2,NA,3,1,1,3,1,2,3,3,2,2,3,1
"Alina Lerner-Vilu","Rohelised",3,3,4,2,4,3,2,2,2,4,3,4,2,4,1,4,4,3,2,2,2,4,2,2,3,2,2,4,1
"Rudolf Kasper Naruski","Parempoolsed",1,1,1,4,2,1,3,3,4,NA,3,4,1,4,1,3,4,2,2,3,4,1,1,4,4,4,3,4,1
"Aul Pedajas","Rohelised",NA,3,NA,1,4,4,2,3,1,4,4,2,2,1,4,2,NA,2,1,3,1,4,3,NA,NA,1,1,4,1
"Paavo Ulmanis","Parempoolsed",3,1,2,3,4,3,3,4,3,3,4,3,1,4,1,4,4,3,1,4,4,1,1,3,2,4,4,2,3
"Riina Solman","Isamaa",3,2,2,3,3,3,4,2,3,2,4,2,4,2,4,2,3,2,2,3,2,1,2,3,1,4,3,2,3
"Evelin Poolamets","EKRE",3,1,4,3,4,3,4,1,4,1,4,1,4,1,4,2,NA,1,1,1,1,1,1,1,1,3,NA,1,1
"Jaak Madison","EKRE",3,1,4,4,4,4,4,1,2,4,4,1,4,1,4,2,2,1,1,1,3,1,1,1,2,4,4,1,3
"Mike Calamus","EKRE",2,1,4,3,4,1,3,1,3,1,4,1,4,1,4,1,4,1,1,2,1,1,2,1,3,4,4,1,2
"Karl Sander Kase","Isamaa",2,1,1,4,1,3,3,1,3,2,3,NA,3,NA,3,2,NA,3,1,3,3,NA,3,4,2,4,NA,3,3
"Katrin Jõgisaar","Rohelised",3,2,3,2,4,3,2,2,2,4,3,3,3,3,1,3,3,4,2,3,3,1,3,1,3,2,2,4,1
"Kalle Virkus","Rohelised",2,2,2,3,3,3,3,2,1,4,4,1,2,1,3,3,3,2,2,3,2,1,2,1,3,2,3,4,3
"Aare Lill","Eesti 200",2,2,1,3,4,3,2,1,2,4,4,4,3,4,NA,4,2,2,1,4,2,2,1,3,3,4,3,4,2
"Anti Toplaan","Isamaa",2,2,2,3,3,2,3,2,2,2,3,3,4,1,4,2,2,2,1,3,3,2,2,2,1,3,3,3,2
"Eveliis Padar","SDE",3,4,4,2,1,3,1,3,2,4,2,3,1,4,1,4,4,4,2,3,4,3,3,2,2,4,4,4,3
"Karl Kirt","SDE",3,3,2,3,3,2,3,2,2,3,3,3,3,3,1,4,4,3,1,4,3,2,3,1,2,3,3,4,1
"Ene Täht","Isamaa",3,2,2,3,1,4,3,2,1,3,4,2,4,NA,4,NA,2,2,1,3,1,1,2,1,3,1,3,3,2
"Avo Üprus","Isamaa",3,3,4,3,4,3,3,1,3,2,3,3,4,2,4,2,3,2,2,3,2,1,1,3,1,3,3,3,1
"Karl Pütsepp","SDE",2,4,3,1,2,3,2,4,1,4,3,3,2,4,1,4,4,4,3,4,4,3,3,1,2,2,1,4,2
"Sulev Alajõe","Eesti 200",2,1,2,3,1,3,2,1,2,4,4,3,3,4,1,3,3,1,3,3,1,4,3,2,2,1,3,4,3
"Kaupo Männiste","EKRE",4,1,4,3,4,3,4,1,1,1,4,1,4,1,4,1,2,1,1,2,1,1,2,1,1,4,4,1,1
"Merle Kivest","EKRE",3,1,4,3,4,2,3,1,2,1,4,1,4,1,4,2,NA,2,1,1,2,1,4,1,2,4,4,1,1
"Marti Soosaar","Rohelised",2,3,1,3,NA,4,3,2,1,4,1,NA,3,NA,1,3,4,2,2,4,2,2,4,2,3,2,2,4,2
"Feliks Undusk","Isamaa",3,3,3,3,4,3,3,2,3,3,4,2,3,2,4,3,3,2,2,3,3,1,1,1,1,4,2,3,2
"Priit Lomp","SDE",3,4,3,2,1,4,3,3,1,4,3,3,3,3,2,4,4,4,2,4,2,4,3,1,1,2,4,4,1
"Ilmar Raag","Parempoolsed",2,2,2,4,4,4,2,2,2,4,3,3,1,NA,NA,4,4,2,1,3,4,1,1,4,4,3,3,4,3
"Valmar Haava","EKRE",4,3,4,2,4,2,1,1,4,1,4,1,4,2,4,2,3,1,1,1,1,1,2,1,2,3,4,1,1
"Jaak Laineste","Eesti 200",2,4,3,3,3,3,2,3,1,4,3,3,2,3,1,NA,3,4,2,2,3,2,1,3,2,4,2,4,3
"Enn Listra","Reformierakond",2,2,1,3,3,3,3,1,2,2,3,1,3,NA,4,3,3,3,1,3,2,2,1,3,2,3,2,3,3
"Marek Karm","Eesti 200",3,2,2,4,NA,3,3,NA,1,4,3,NA,2,3,2,4,NA,3,2,3,1,NA,2,2,3,3,3,4,3
"Peeter Võsu","Isamaa",2,1,2,3,3,2,3,1,4,2,4,1,3,1,4,2,4,2,1,3,1,1,2,2,4,3,4,1,3
"Lavly Perling","Parempoolsed",2,1,1,3,1,3,2,1,2,3,3,2,4,NA,NA,3,NA,2,1,3,3,2,1,3,4,4,4,4,4
"Kadri Kõusaar","SDE",2,4,4,2,1,3,2,2,1,4,3,4,NA,4,1,4,4,3,2,4,1,3,3,1,1,4,1,4,3
"Karl Aaron Adson","Eesti 200",3,4,4,1,4,3,1,3,1,4,2,3,4,4,1,4,4,4,3,4,4,4,1,1,3,1,3,4,1
"Marja-Liisa Veiser","Isamaa",3,1,3,3,3,3,3,2,3,2,4,1,4,1,4,3,2,1,1,3,2,1,3,2,2,3,3,2,2
"Jana Morozov","SDE",4,4,3,2,4,4,3,3,1,3,3,4,4,4,1,3,3,3,2,3,1,3,4,1,1,1,4,4,3
"Kristian Taska","Isamaa",1,1,4,4,4,2,4,1,3,1,4,1,1,4,1,1,4,2,1,1,4,1,1,1,1,4,1,2,3
"Mart Kuusk","Parempoolsed",1,1,1,4,1,2,1,1,1,3,1,4,1,4,1,4,4,3,4,1,3,1,1,3,4,3,4,4,4
"Raul Kivi","EKRE",3,1,3,1,4,3,4,1,3,2,4,2,4,1,4,2,2,1,1,3,NA,1,4,1,3,4,2,1,2
"Indrek Lillemägi","Eesti 200",2,3,2,3,2,2,1,3,2,4,3,3,3,4,1,3,4,4,2,3,2,3,1,2,2,2,3,4,2
"Henri Kaselo","SDE",4,3,3,2,4,2,3,3,2,4,4,4,4,4,2,3,3,4,3,4,3,4,3,1,1,3,4,4,3
"Lauri Hussar","Eesti 200",2,1,1,2,2,3,3,1,2,4,2,2,2,4,1,3,NA,3,2,4,2,2,2,3,3,3,3,4,3
"Erkki Markus","Rohelised",3,2,4,4,4,4,3,3,1,4,2,2,3,4,1,4,4,3,2,4,1,1,2,2,4,2,1,4,3
"Kris Süld","SDE",3,4,2,3,3,3,1,3,2,4,2,4,1,4,1,4,4,4,NA,4,NA,NA,4,NA,2,1,3,4,2
"Jaanus Nurmoja","Rohelised",2,3,3,1,4,4,3,2,1,4,3,1,4,2,NA,NA,NA,2,2,3,NA,1,3,1,1,2,3,3,2
"Vladimir Svet","Keskerakond",3,4,2,1,4,3,2,2,3,3,2,4,3,NA,NA,4,NA,3,2,4,1,4,2,1,1,2,2,4,3
"Diana Ingerainen","Eesti 200",2,2,3,4,3,3,1,2,2,3,3,3,3,4,1,3,4,4,2,4,3,1,1,2,2,3,3,3,3
"Jaanus Kriisk","Isamaa",3,2,4,3,4,3,4,2,1,4,3,1,4,NA,4,NA,2,1,1,4,2,1,2,3,1,4,2,2,2
"Kristina Kallas","Eesti 200",2,3,3,3,2,2,2,3,2,3,3,3,NA,4,1,4,4,3,2,4,NA,3,1,3,2,3,3,4,3
"Siiri Alberg","Rohelised",2,3,2,3,3,3,2,3,1,4,2,3,3,3,1,2,2,2,2,3,2,2,2,2,2,2,1,4,2
"Sander Maripuu","Eesti 200",2,3,2,3,4,3,2,2,2,4,2,3,3,4,1,4,4,3,2,3,3,2,2,4,3,3,3,4,4
"Karmen Joller","Reformierakond",NA,1,2,3,NA,3,3,2,1,3,NA,4,3,4,1,4,4,4,2,3,3,1,2,NA,NA,NA,NA,4,NA
"Marko Šorin","Keskerakond",3,4,2,1,4,3,4,1,3,2,3,3,3,2,3,3,NA,2,2,4,1,4,2,2,1,3,4,3,2
"Ines Arna","Eesti 200",3,1,4,3,3,2,3,2,1,3,3,1,2,4,1,4,4,3,1,3,1,1,3,3,3,3,3,4,2
"Denis Larchenko","Eesti 200",4,3,3,1,2,3,2,1,3,4,1,4,NA,4,1,4,4,2,1,3,1,3,4,NA,2,4,NA,2,4
"Atso Matsalu","Eesti 200",3,2,4,3,2,3,4,2,2,4,4,3,3,NA,NA,NA,1,2,1,3,1,1,1,3,3,3,4,3,3
"Marko Pomerants","Isamaa",2,1,1,2,1,3,3,2,2,3,3,1,3,2,4,3,NA,2,1,4,1,3,3,2,3,3,4,3,2
"Kaupo Kutsar","Eesti 200",2,3,1,3,3,3,3,2,2,4,3,2,3,2,3,NA,NA,2,2,4,2,1,3,2,2,3,4,3,2
"Friedrich Kaasik","Isamaa",2,2,2,3,3,4,4,1,2,3,4,2,4,3,4,4,3,2,2,3,3,1,4,2,3,4,4,3,3
"Liina Freivald","Rohelised",2,3,3,2,2,2,2,4,1,4,4,4,1,4,1,4,4,4,4,4,4,2,4,2,4,1,2,4,1
"Kaia Solnik","Rohelised",NA,3,3,2,3,2,2,3,2,4,3,3,2,4,1,4,3,3,2,4,2,2,2,3,4,1,3,4,1
"Ülle Mitt","Parempoolsed",2,1,1,3,1,3,2,1,2,3,3,1,3,NA,NA,2,NA,2,1,3,3,2,2,4,4,4,4,4,3
"Raul Kudre","SDE",3,3,2,2,4,3,4,3,3,3,4,3,2,3,2,4,2,2,1,4,2,2,3,2,2,3,3,4,2
"Helen Rebane","EKRE",3,1,4,1,4,2,4,1,3,1,4,1,3,1,4,2,3,2,1,2,1,1,2,2,2,3,3,1,1
"Ülar Lembke","Parempoolsed",2,1,1,3,1,3,2,1,2,2,3,1,3,NA,NA,3,NA,2,1,3,3,2,2,4,4,4,4,3,4
"Virko Raagmets","Parempoolsed",3,1,3,3,4,3,3,2,4,1,1,3,4,3,1,4,4,2,1,4,1,1,4,1,4,4,4,2,4
"Villu Karu","Isamaa",2,3,3,3,2,4,4,2,2,1,4,3,4,2,4,4,3,2,1,3,2,1,4,2,1,4,3,2,4
"Peep Lassmann","Isamaa",3,3,3,3,2,3,3,2,2,3,3,2,3,2,3,3,3,2,3,3,3,2,2,2,2,3,2,3,3
"Pille Lill","Isamaa",3,3,3,3,3,3,3,4,2,3,4,2,4,3,3,3,3,2,2,4,2,1,2,3,3,1,1,4,2
"Andres Sutt","Reformierakond",3,1,1,3,2,3,3,2,2,4,3,3,3,4,2,3,4,2,1,4,2,1,3,4,4,3,3,4,3
"Rain Veetõusme","Isamaa",2,2,1,4,3,3,3,2,2,2,4,1,3,3,3,3,2,2,1,3,2,2,2,3,2,4,2,3,3
"Margot Roose","Eesti 200",3,1,3,3,3,4,1,3,1,4,NA,3,1,4,1,4,4,4,2,4,2,1,3,1,2,1,3,4,3
"Kerli Elbrecht","Parempoolsed",2,1,1,3,1,3,2,1,2,3,3,1,3,NA,NA,3,NA,3,1,2,2,2,2,4,4,4,4,4,4
"Mart Keerutaja","Parempoolsed",2,1,3,4,1,2,3,1,1,3,4,1,4,NA,NA,4,NA,3,2,4,1,1,1,2,3,4,4,2,3
"Põim Kama","Parempoolsed",2,1,1,3,2,2,2,3,3,4,2,4,1,4,2,3,4,3,2,3,2,2,1,3,4,3,3,4,3
"Sandra Sander","Parempoolsed",1,1,1,4,2,3,3,1,3,3,4,2,2,4,1,3,NA,1,1,3,4,2,1,4,4,4,4,3,3
"Silver Kuusik","EKRE",3,4,4,1,4,2,4,1,2,1,4,1,4,1,4,2,2,1,1,1,1,1,2,1,1,4,4,1,1
"Heiki Hepner","Isamaa",2,2,2,3,2,3,4,1,3,3,4,2,4,1,4,3,NA,1,1,4,3,1,3,3,2,3,4,2,2
"Madis Päts","Isamaa",3,3,2,3,2,3,3,1,2,3,4,4,2,4,2,3,2,2,3,3,3,3,3,3,3,3,3,3,3
"Marko Kaljuveer","Isamaa",2,1,2,1,4,1,4,1,2,3,4,1,4,NA,NA,1,2,1,1,4,1,1,4,3,2,4,4,3,1
"Liisa-Ly Pakosta","Eesti 200",3,1,1,3,3,2,3,1,3,3,2,3,4,4,1,4,4,3,2,1,3,1,2,2,3,3,3,4,3
"Marko Kaasik","Rohelised",2,4,3,1,4,2,2,2,1,4,4,4,3,4,1,4,3,4,4,4,3,NA,3,1,4,1,1,4,1
"Lauri Läänemets","SDE",3,4,4,2,3,3,3,2,2,4,3,4,3,4,1,4,3,3,2,4,2,3,2,1,1,2,4,4,3
"Katre Kikkas","SDE",3,4,4,2,2,3,2,4,3,4,4,4,4,4,1,4,4,4,2,3,2,2,4,1,1,2,4,4,2
"Toomas Järveoja","Reformierakond",2,4,2,3,2,2,4,1,2,3,3,2,2,3,2,3,2,1,2,4,2,1,2,3,3,3,3,3,3
"Andres Kuuse","Parempoolsed",2,1,1,3,1,3,2,1,2,3,3,1,3,NA,NA,3,NA,2,1,3,3,2,2,4,4,4,4,4,4
"Sulev Kaldaru","Parempoolsed",2,2,2,4,NA,3,3,1,3,3,NA,2,1,1,3,4,2,2,1,2,2,1,1,2,4,4,4,2,4
"Tõnu Pihelgas","Parempoolsed",2,1,1,4,1,4,3,1,4,4,3,4,1,4,1,4,4,1,1,4,3,4,1,4,4,4,4,4,4
"Ester Karuse","Keskerakond",3,2,4,2,3,2,3,1,2,NA,4,2,4,1,4,3,4,2,2,3,1,4,3,1,1,3,3,2,1
"Mihkel Palk","Parempoolsed",2,1,1,3,1,3,2,1,2,3,3,1,3,NA,NA,3,NA,2,1,3,3,2,2,4,4,4,4,4,4
"Kalle Muuli","Isamaa",2,2,2,3,NA,3,NA,1,2,3,4,1,4,1,4,NA,NA,2,1,3,1,1,3,3,1,3,3,3,2
"Andrus Kaarelson","Parempoolsed",2,1,1,3,1,3,2,1,2,3,3,1,3,NA,NA,3,NA,2,1,3,3,2,2,4,4,4,4,4,4
"Kadri Kullman","Parempoolsed",2,1,1,3,1,3,2,2,2,3,3,1,3,NA,NA,3,NA,NA,1,3,3,2,2,2,4,4,4,4,2
"Palle Kõlar","EKRE",3,1,4,1,4,1,4,1,4,2,4,1,4,1,4,2,2,1,1,2,1,1,4,NA,2,4,2,1,1
"Ville Vallaste","Parempoolsed",1,1,1,3,2,3,2,1,2,3,3,1,3,NA,NA,4,NA,2,1,4,2,2,2,3,4,4,4,4,3
"Joanna Hoffmann","SDE",3,3,4,2,1,3,2,1,1,4,2,3,3,4,1,4,4,4,2,3,2,3,4,2,3,4,3,4,3
"Ando Eelmaa","Parempoolsed",2,1,2,4,1,3,2,1,2,3,3,1,2,NA,NA,NA,NA,1,1,3,3,1,1,3,4,3,4,4,4
"Martin Judanov","EKRE",3,1,4,3,4,1,4,1,3,1,4,1,4,1,4,1,2,1,1,2,1,1,4,1,2,4,4,1,2
"Toomas Birk","Parempoolsed",2,1,1,3,1,3,2,1,2,3,3,1,3,NA,NA,3,NA,2,1,3,3,NA,2,4,4,2,4,4,4
"Raul-Stig Rästa","Eesti 200",2,1,1,1,4,3,4,1,2,4,3,3,4,3,2,3,3,4,2,4,2,1,3,3,2,1,2,2,1
"Aleksandr Trunov","Rohelised",4,3,4,1,4,1,3,1,3,3,1,3,3,4,1,2,3,2,2,2,3,4,3,3,2,1,2,3,1
"Tiit Vapper","Reformierakond",2,1,2,2,2,2,3,2,2,4,4,2,3,4,2,3,2,1,2,3,2,1,3,1,4,2,1,3,3
"Reio Randmaa","Eesti 200",2,3,NA,3,3,3,2,3,2,3,3,3,NA,4,1,4,3,3,3,3,NA,2,NA,NA,3,3,3,3,3
"Anzori Barkalaja","Eesti 200",2,2,3,3,4,3,2,2,1,4,4,4,2,4,NA,3,NA,3,2,3,3,2,1,3,3,2,2,4,1
"Suliko Liiv","Keskerakond",4,3,4,3,3,3,3,2,2,2,4,3,3,NA,3,3,2,2,2,3,1,3,4,1,2,3,3,3,2
"Imre Vilt","Parempoolsed",2,1,1,4,1,3,2,1,2,3,3,1,3,NA,NA,3,NA,2,1,3,2,1,2,4,4,4,3,2,4
"Inga Kupp-Silberg","Parempoolsed",2,1,1,3,1,3,2,1,2,3,3,1,3,NA,NA,3,3,3,1,3,3,2,2,4,4,4,3,4,3
"Janek Puusepp","Parempoolsed",2,1,1,3,3,4,4,1,4,1,3,1,3,NA,4,NA,NA,2,2,4,3,3,1,3,3,4,4,NA,4
"Kadri Tillemann","Parempoolsed",2,1,1,4,2,3,2,2,2,3,3,2,3,4,1,3,4,2,1,3,3,2,2,4,4,3,3,4,4
"Peeter Hermik","Parempoolsed",2,1,1,3,2,3,2,1,1,3,3,1,3,NA,NA,3,NA,2,1,3,3,2,1,3,4,4,3,4,4
"Tauno Õunapuu","Parempoolsed",2,1,1,3,1,2,2,1,2,4,4,2,2,NA,NA,4,4,2,2,3,2,2,2,4,4,4,3,4,4
"Urmas Reinsalu","Isamaa",3,1,1,2,2,3,4,1,2,2,4,1,4,1,4,2,2,2,1,4,1,1,3,3,3,3,2,1,2
"Juhani Jaeger","Isamaa",3,1,2,3,4,4,4,2,2,1,4,1,4,1,4,2,2,1,1,4,3,1,NA,3,1,3,3,1,2
"Jaanus Riibe","Keskerakond",4,3,3,2,4,2,4,1,2,1,4,4,4,3,1,3,4,2,1,3,3,4,3,2,2,4,4,4,2
"Steve Truumets","Rohelised",2,3,4,2,4,1,2,2,1,4,3,3,4,3,1,4,4,3,2,4,2,2,3,2,2,2,4,3,2
"Joonas Laks","Eesti 200",3,4,3,3,4,3,4,3,1,4,3,NA,2,4,1,NA,4,3,2,3,4,1,4,2,3,1,3,4,1
"Karolina Ebba Anna Ullman","Eesti 200",2,1,1,3,1,2,1,1,1,4,1,3,2,4,1,4,4,3,2,3,4,1,3,3,3,3,3,4,2
"Mart Salumäe","SDE",3,4,3,4,2,4,1,2,2,4,3,4,4,4,1,4,4,4,1,4,3,3,2,1,2,4,4,4,3
"Kristi Rüütel","Keskerakond",3,3,4,1,4,3,3,3,2,4,3,4,4,3,1,3,2,1,2,4,1,4,4,2,3,3,3,3,1
"Helve Särgava","Keskerakond",4,4,3,3,3,3,4,2,3,1,3,3,2,3,4,4,4,1,1,4,1,4,4,1,4,1,4,1,2
"Indrek Kesküla","Reformierakond",2,1,1,4,3,2,3,2,2,4,4,2,2,2,4,4,3,2,1,3,1,2,2,2,3,3,3,2,3
"Mart Eensalu","Reformierakond",2,1,1,2,2,3,1,3,2,4,3,3,2,4,1,4,1,3,2,3,1,2,2,3,3,3,3,4,3
"Anti Einpaul","Rohelised",2,2,3,3,4,2,2,2,1,3,NA,3,4,4,NA,4,NA,2,1,4,1,1,2,1,3,1,2,3,2
"Ainar Sepnik","Reformierakond",2,1,3,3,2,3,2,1,3,1,4,1,2,1,4,4,3,4,1,3,1,4,2,3,2,4,4,2,2
"Maris Sild","SDE",3,4,4,1,3,3,2,3,1,4,3,3,3,4,1,NA,NA,3,NA,4,4,NA,4,2,1,1,3,4,3
"Kristjan Järvan","Isamaa",2,3,1,4,4,3,4,1,2,1,4,NA,4,1,4,2,NA,1,1,2,2,1,3,3,1,4,3,1,3
"Hannes Liitmäe","Rohelised",3,4,2,1,3,1,2,3,1,4,3,2,2,3,2,3,3,3,2,3,2,2,2,2,2,1,3,4,1
"Züleyxa Izmailova","Eesti 200",1,2,3,2,4,3,3,2,1,4,3,NA,1,4,1,4,4,4,2,3,3,1,2,1,2,1,3,4,2
"Maido Ruusmann","Reformierakond",3,1,1,3,1,3,3,2,3,3,3,2,3,2,2,4,4,2,2,3,2,1,2,3,3,4,4,3,3
"Aivo Rahu","Reformierakond",2,4,2,2,NA,2,4,1,1,4,4,4,2,2,NA,4,NA,1,NA,4,2,1,2,1,4,4,4,4,NA
"Kuldar Kesküla","EKRE",2,1,4,2,4,4,4,1,3,1,4,1,4,1,4,2,2,2,1,1,2,1,4,2,1,4,2,1,1
"Taavi Pärtel","EKRE",3,1,3,3,4,3,4,1,3,1,4,1,4,1,4,1,1,1,1,4,1,1,2,2,3,4,3,1,1
"Aleksei Teterev","Eestimaa Ühendatud Vasakpartei",4,4,2,3,3,2,3,3,3,2,4,4,4,2,4,2,2,1,1,2,1,4,2,3,4,1,3,1,1
"Kaire Vahejõe","Parempoolsed",2,1,1,2,1,3,2,1,2,3,3,1,3,NA,3,3,NA,2,1,3,1,2,2,3,4,3,4,3,3
"Igor Rosenfeld","Eestimaa Ühendatud Vasakpartei",3,3,1,1,3,1,3,2,2,1,3,3,3,3,4,3,3,1,1,3,2,3,1,1,3,2,3,2,2
"Julia Smoli","Eestimaa Ühendatud Vasakpartei",4,4,4,1,4,1,1,2,4,1,2,4,4,1,4,1,1,1,1,1,1,4,4,3,4,1,3,1,1
"Tene Metsma","SDE",4,4,4,2,2,4,2,2,2,3,4,3,3,3,4,3,3,3,2,4,1,1,4,2,2,3,2,3,3
"Tõnis Palts","Isamaa",2,1,1,3,1,3,4,2,2,1,4,3,4,1,4,2,2,2,1,3,1,1,2,4,2,3,4,2,2
"Alar Kookmaa","Üksikkandidaat",2,2,2,4,3,4,3,2,2,4,4,3,2,4,1,4,4,2,2,3,3,2,4,3,3,2,3,3,3
"Redmond Dulger","Eestimaa Ühendatud Vasakpartei",4,4,3,1,4,1,3,1,3,1,2,4,3,1,4,1,1,1,1,1,1,4,2,NA,NA,1,2,3,1
"Karl Erik Heinsoo","Eesti 200",4,3,4,2,1,3,4,3,2,4,4,4,4,4,1,4,3,4,2,4,2,1,3,2,1,1,4,4,1
"Andres Laiapea","Üksikkandidaat",2,4,4,3,4,4,3,1,2,4,4,2,4,2,3,2,2,3,1,2,3,4,2,3,4,2,4,3,2
"Jelena Fjodorova","Eestimaa Ühendatud Vasakpartei",2,4,3,3,4,2,2,2,2,2,3,3,1,2,4,4,4,2,2,1,1,4,4,2,2,2,1,2,1
"Janek Jõgisaar","Rohelised",2,2,4,4,4,3,2,2,2,3,4,2,1,2,1,4,4,3,2,2,4,1,2,3,4,1,3,4,2
"Peeter Tali","Eesti 200",2,1,2,3,3,3,3,2,2,4,3,3,3,3,1,4,NA,2,2,3,NA,1,3,2,1,3,3,4,2
"Mihhail Stalnuhhin","Üksikkandidaat",4,4,4,1,4,1,1,1,4,1,4,4,4,1,4,4,NA,1,1,1,1,4,4,1,4,1,1,1,1
"Margit Hiiet","SDE",2,3,4,2,2,4,2,4,1,3,3,4,2,4,1,4,4,2,2,3,3,3,3,1,2,2,4,4,2
"Hendrik Johannes Terras","Eesti 200",3,1,2,3,NA,3,1,2,3,4,2,4,1,4,1,3,NA,3,2,3,3,1,1,3,2,3,3,4,3
"Kätlin Kuldmaa","Parempoolsed",2,1,1,3,1,3,2,1,2,3,3,4,NA,4,1,4,NA,4,1,4,3,2,4,4,4,3,4,4,4
"Mattias Pilv","Rohelised",3,3,3,3,3,2,2,2,2,4,3,3,3,3,3,4,4,3,1,4,3,1,3,1,3,1,3,3,1
"Anette Mäletjärv","SDE",3,3,2,1,2,3,2,4,2,4,2,3,1,4,1,4,4,4,3,4,2,3,3,2,1,2,NA,4,NA
"Asso Nettan","SDE",2,4,4,3,4,2,3,1,1,4,4,3,2,4,1,4,4,3,2,4,4,4,4,1,2,3,4,4,3
"Kristjan Vanaselja","Parempoolsed",2,1,1,3,1,3,2,1,2,3,3,2,3,NA,NA,3,4,2,1,3,3,1,2,4,4,4,3,4,3
"Mihkel Kalda","Parempoolsed",2,1,1,3,1,3,2,1,2,3,4,1,3,NA,NA,3,NA,2,1,3,3,1,2,4,3,4,4,4,3
"Argo Mõttus","Üksikkandidaat",2,4,2,2,4,1,NA,1,2,4,1,1,1,1,4,3,2,1,1,4,1,1,1,1,4,3,3,1,1
"Susanna Saar","Rohelised",3,3,4,2,4,2,1,1,2,4,4,3,3,4,1,3,4,4,1,2,3,1,4,2,3,1,1,4,1
"Avo Kirsbaum","Isamaa",2,2,3,3,2,3,3,2,2,3,4,2,4,NA,3,2,2,2,2,3,2,1,4,2,2,3,3,2,2
"Anneli Kannus","Eesti 200",3,3,3,2,4,3,2,2,2,3,3,NA,2,3,NA,3,NA,3,2,4,2,1,2,2,3,3,3,3,2
"Ene Lill","Keskerakond",2,3,3,3,4,2,3,3,1,3,4,2,2,NA,NA,NA,NA,2,1,3,2,1,2,1,2,2,3,2,2
"Raul Kübarsepp","Rohelised",3,3,4,2,4,3,2,3,1,4,3,3,2,4,1,4,4,3,3,4,4,2,2,1,3,1,1,4,1
"Ants Johanson","SDE",4,4,3,4,4,4,2,2,1,4,4,3,3,4,1,4,NA,3,2,3,3,1,1,2,2,3,2,4,2
"Eduard Odinets","SDE",2,4,3,1,1,3,2,2,2,3,4,4,3,4,1,4,2,4,2,3,3,4,3,3,3,2,3,4,2
"Alar Aab","Rohelised",2,3,3,3,4,1,3,1,2,3,3,3,2,4,1,4,3,2,3,3,3,4,2,2,2,2,2,4,2
"Tõnis-Martin Kons","Parempoolsed",2,1,1,4,1,3,3,1,3,4,2,2,2,4,1,4,4,1,1,4,4,1,1,4,3,4,4,4,3
"Andres Ostra","EKRE",3,4,4,4,4,1,4,1,1,2,4,1,4,1,4,1,1,1,1,1,1,1,1,1,4,NA,4,1,1
"Riho Terras","Isamaa",1,1,1,4,1,4,4,2,3,1,4,1,4,1,4,NA,4,2,1,4,2,1,4,3,2,4,4,3,4
"Toomas Kivimägi","Reformierakond",1,1,1,3,1,4,4,1,1,4,4,3,4,3,4,1,1,1,1,4,1,1,1,4,1,4,4,4,4
"Artjom Dmitrijev","SDE",2,4,1,NA,3,2,2,3,1,4,4,4,2,4,1,4,4,3,1,3,1,2,3,NA,NA,3,1,4,1
"Annika Vaikla","Keskerakond",4,4,4,1,4,2,3,2,1,3,3,3,4,3,NA,3,4,3,2,3,2,3,4,1,1,3,4,3,1
"Johanna-Maria Tõugu","Rohelised",2,4,4,2,4,3,3,4,1,4,2,3,1,4,1,4,4,4,4,3,3,2,2,1,4,1,1,4,1
"Kaarel Kose","Parempoolsed",2,1,1,3,2,3,2,2,2,4,3,4,3,3,1,3,NA,4,2,3,3,2,2,3,3,3,4,4,4
"Siim Pohlak","EKRE",4,3,4,2,4,2,4,1,2,1,4,1,4,1,4,2,3,1,1,3,1,1,3,1,2,2,3,1,1
"Luisa Rõivas","Reformierakond",1,1,1,4,1,4,1,1,3,4,3,3,1,4,1,4,4,3,1,4,1,1,3,1,4,4,3,3,4
"Urmas Kruuse","Reformierakond",2,1,1,4,4,3,3,1,2,3,3,4,3,NA,NA,NA,3,3,1,4,3,1,1,3,3,3,3,4,3
"Jaan Toots","Keskerakond",3,2,4,3,3,3,3,2,4,3,4,2,3,1,4,NA,3,1,2,3,2,4,3,1,2,4,3,2,2
"Anneki Teelahk","Reformierakond",2,1,2,2,2,3,4,3,2,4,4,3,2,4,1,3,2,3,1,4,2,1,3,3,3,2,3,4,3
"Meelis Kiili","Reformierakond",2,1,2,2,3,4,3,1,2,3,4,3,3,2,NA,3,3,2,1,4,3,1,3,2,3,4,3,3,2
"Tunne Kelam","Isamaa",2,2,1,3,3,2,3,1,2,2,3,2,3,2,4,1,2,2,1,4,NA,1,2,3,3,4,4,2,3
"Egle Pullerits-Heinsar","SDE",3,4,4,1,4,3,3,2,1,4,4,4,4,4,1,4,4,4,1,3,2,4,3,2,3,1,1,4,1
"Kristo Siig","SDE",2,4,3,2,2,3,2,2,2,4,3,2,3,4,1,4,4,3,3,4,4,2,2,3,3,NA,4,4,3
"Eero Tölpt","Rohelised",2,2,3,1,4,1,2,1,1,4,4,4,4,4,1,4,2,2,1,4,1,4,3,4,2,1,4,4,1
"Andres Kalvik","Keskerakond",4,4,4,2,3,4,3,NA,1,2,2,3,4,2,4,4,3,1,1,3,1,4,4,1,2,3,4,3,3
"Eva-Maria Liimets","Keskerakond",4,3,4,3,4,3,2,2,1,3,4,1,4,4,2,3,3,3,1,4,2,3,4,1,3,2,2,3,2
"Maire Püss","SDE",3,3,3,2,3,3,4,3,2,3,3,3,3,3,2,3,NA,3,2,2,2,2,3,2,3,2,3,3,2
"Mihkel Tikerpalu","Eesti 200",2,1,3,3,2,3,4,2,2,4,4,4,3,4,1,3,3,3,2,3,2,1,3,3,4,3,2,4,2
"Signe Kivi","Reformierakond",3,2,2,3,2,3,3,3,2,3,4,3,3,4,NA,3,3,3,2,4,3,2,2,2,3,3,3,4,3
"Kirill Klaus","SDE",4,4,4,4,4,4,1,4,1,4,4,4,4,3,1,4,2,4,1,4,2,2,3,1,3,2,4,4,2
"Neeme Suur","SDE",4,4,4,2,2,3,1,3,1,3,4,3,4,4,3,3,3,3,2,4,2,3,3,1,2,2,4,3,3
"Madis Timpson","Reformierakond",2,1,1,3,2,3,3,2,2,4,3,2,3,2,4,3,NA,1,1,4,NA,1,NA,2,3,4,NA,3,2
"Pärtel-Peeter Pere","Reformierakond",2,2,2,3,3,3,2,1,1,4,4,3,3,4,NA,NA,4,4,4,4,2,1,2,2,4,2,3,4,3
"Siimo Lopsik","EKRE",3,3,4,3,4,1,4,1,3,1,4,1,4,1,4,2,1,1,1,4,2,2,3,1,2,4,2,1,1
"Marko Sandre","Eesti 200",3,3,3,3,3,4,3,1,2,4,4,3,3,4,1,3,4,NA,1,2,1,4,3,1,3,3,4,3,3
"Tanel Tein","Eesti 200",2,2,2,3,3,3,3,2,2,4,4,2,2,2,3,3,3,3,2,3,2,2,2,2,1,3,3,3,3
"Oksana Tandit","Reformierakond",3,1,2,3,3,3,3,2,3,3,3,3,2,3,2,4,4,2,1,3,2,4,2,2,4,3,3,3,2
"Iveta Tomera","Parempoolsed",NA,1,2,3,1,4,3,2,2,NA,4,2,3,3,NA,4,4,2,1,3,2,1,2,4,4,4,4,2,2
"Ken Vaher","EKRE",3,1,4,4,4,2,4,1,4,1,4,1,4,1,4,1,1,1,1,1,1,1,3,4,1,3,4,1,1
"Aleksandr Andrejev","EKRE",4,2,4,1,4,2,4,1,4,1,4,3,4,1,4,3,3,1,1,1,3,2,4,3,3,4,3,1,2
"Jevgeni Krištafovitš","Reformierakond",2,1,2,3,NA,2,4,1,2,4,4,4,2,4,1,4,4,3,2,3,3,1,2,2,4,4,NA,4,4
"Yoko Alender","Reformierakond",2,2,2,2,2,3,2,2,2,4,3,3,2,3,2,3,3,3,3,3,2,2,2,2,3,2,2,4,2
"Dmitri Dmitrijev","Keskerakond",3,4,4,2,3,3,2,3,3,1,NA,4,3,2,4,NA,NA,2,1,3,1,4,4,2,2,3,4,3,2
"Jüri Kirss","Keskerakond",3,3,4,1,4,NA,1,3,1,1,1,4,4,1,3,2,4,2,1,3,1,4,2,2,1,3,3,1,2
"Madis Joosep Toomel","SDE",3,4,4,1,2,3,3,2,2,3,4,3,4,3,2,3,4,4,2,3,1,1,3,1,3,2,3,3,1
"Kadri Leetmaa","SDE",3,4,3,4,3,2,1,2,1,4,4,4,2,4,1,3,3,4,2,4,2,4,3,1,1,3,4,4,2
"Jaak Aab","Keskerakond",4,4,4,2,3,2,3,2,3,3,3,3,4,2,3,3,3,2,2,2,2,4,2,2,2,3,3,3,2
"Sven Soiver","Keskerakond",3,4,4,2,4,3,1,4,3,1,4,3,4,NA,NA,3,NA,4,2,3,2,3,2,1,2,4,4,4,1
"Karen Kangro Burns","Rohelised",2,4,4,2,1,2,1,1,1,4,2,NA,1,4,1,4,4,4,3,3,3,1,1,1,3,3,2,4,2
"Jaanus Kalev","Keskerakond",3,4,4,3,4,2,2,3,3,2,3,3,3,NA,NA,4,3,1,1,3,2,3,2,1,1,3,2,1,2
"Evelyn Sepp","Rohelised",2,3,2,3,2,2,2,2,1,4,3,3,2,4,2,3,4,4,2,3,4,1,2,3,3,2,2,4,3
"Uku Kudu","Parempoolsed",2,1,3,3,4,1,3,2,2,3,3,2,4,3,1,3,3,2,1,4,2,2,2,2,4,4,2,2,3
"Erkki Keldo","Reformierakond",3,1,2,3,1,4,2,3,1,4,2,2,1,3,3,4,NA,3,1,3,2,1,2,4,3,3,4,4,3
"Joosep Vimm","SDE",2,4,3,2,2,3,1,2,1,4,NA,3,1,4,1,4,4,4,2,4,3,3,3,2,2,1,3,4,3
"Mart Hiob","SDE",3,4,2,3,2,3,3,2,1,4,3,3,3,4,1,4,4,2,2,3,2,4,2,2,3,1,3,4,3
"Raimond Tamm","Reformierakond",3,2,2,3,2,4,3,3,1,4,3,4,2,4,1,4,2,2,1,3,1,1,3,2,3,3,4,4,3
"Priit Sibul","Isamaa",2,1,1,3,4,2,4,1,2,1,4,1,4,1,4,1,1,2,1,3,2,1,2,3,2,1,2,1,2
"Anti Haugas","Reformierakond",2,2,1,3,2,3,3,2,3,4,4,2,3,NA,NA,4,3,2,2,3,3,1,2,2,3,3,3,4,2
"Triin Saag","Eesti 200",4,1,4,2,4,4,2,2,2,3,3,3,2,4,1,4,4,4,2,4,1,3,2,4,1,2,2,4,3
"Pipi-Liis Siemann","Reformierakond",2,1,2,4,2,4,3,1,2,4,4,4,1,4,1,4,3,2,1,4,3,1,1,2,4,4,3,4,4
"Andres Metsoja","Isamaa",3,1,1,3,1,3,3,1,2,3,4,2,4,1,4,2,NA,2,1,4,1,1,2,2,2,3,4,3,2
"Gerli Lehe","Isamaa",3,1,2,2,2,4,4,2,2,2,4,1,4,2,4,3,2,2,1,4,2,1,3,3,3,3,2,1,1
"Markus Järvi","EKRE",1,1,4,4,4,2,4,1,2,1,4,1,1,1,4,1,1,1,1,3,1,1,1,1,1,4,4,1,2
"Andres Laisk","Parempoolsed",2,1,1,3,NA,2,3,1,3,4,NA,3,2,1,NA,4,4,3,1,3,NA,1,1,2,2,4,4,2,3
"Raivo Aeg","Isamaa",2,1,1,3,1,4,3,1,3,1,4,2,3,1,4,2,3,2,1,4,1,1,1,3,2,4,4,3,3
"Aleksander Valdmann","SDE",3,4,3,2,2,3,3,2,2,4,3,4,4,NA,1,4,4,4,2,2,2,1,2,2,3,2,NA,4,3
"Etti Kagarov","SDE",3,3,3,3,3,3,3,3,2,3,4,2,4,3,2,4,2,3,2,3,2,2,3,2,3,2,3,3,3
"Hanah Lahe","Reformierakond",2,1,1,4,1,4,1,4,1,4,1,4,1,4,1,4,4,4,1,2,1,1,4,4,4,3,3,4,3
"Tõnis Lukas","Isamaa",3,2,1,3,2,3,4,1,2,3,4,1,4,1,4,2,2,1,2,3,2,1,3,2,2,2,3,3,2
"Laila Talunik","SDE",3,3,3,2,3,4,2,4,3,4,3,3,3,4,1,4,4,3,2,4,3,2,4,1,2,4,3,3,3
"Kadri Vilba","EKRE",4,1,4,3,4,2,4,1,3,1,4,1,4,1,4,1,2,1,1,3,1,1,4,1,2,4,2,1,1
"Merli Reidolf","SDE",2,3,4,2,3,2,3,2,2,4,3,4,2,4,1,4,NA,3,2,3,2,NA,3,2,3,NA,2,4,NA
"Alar Mutli","Parempoolsed",2,1,2,3,2,3,2,1,1,3,3,1,3,NA,NA,4,NA,1,2,4,1,1,1,3,3,3,1,3,3
"Urmas Espenberg","EKRE",3,3,4,3,4,3,2,1,3,2,4,2,4,1,4,2,2,1,1,3,2,1,1,1,2,3,3,2,2
"Tanel Kiik","Keskerakond",3,4,3,2,3,3,2,2,2,3,3,3,4,3,2,4,3,3,2,3,1,4,3,2,2,2,3,4,2
"Raul Ennus","Parempoolsed",2,2,1,3,2,2,3,1,2,3,3,1,3,4,1,4,3,2,1,3,NA,2,2,4,4,3,4,4,4
"Rene Kuulmann","Rohelised",4,2,NA,2,4,1,3,2,1,2,4,NA,3,3,NA,2,2,3,1,4,1,1,2,1,4,1,1,4,1
"Jana Ristimets","SDE",3,3,4,2,3,3,1,3,3,3,4,2,1,3,1,4,3,3,2,3,1,3,4,1,1,3,3,3,3
"Kristjan Kaunissaare","SDE",3,3,1,1,1,3,4,1,3,2,1,3,1,4,1,4,4,3,2,4,3,3,2,2,1,4,4,4,4
"Ants Miller","EKRE",3,2,3,3,4,3,3,1,4,3,4,1,4,2,4,NA,NA,1,3,3,1,1,3,2,3,4,3,1,4
"Paul Puustusmaa","EKRE",2,2,3,3,4,3,NA,1,3,1,4,2,4,1,4,2,2,1,1,3,2,1,3,3,2,3,3,1,2
"Leila Eerits","Eestimaa Ühendatud Vasakpartei",3,3,4,3,4,3,2,2,2,3,4,2,4,2,4,2,NA,3,1,2,2,4,2,3,4,2,4,3,2
"Irma Väre","Isamaa",2,1,1,3,2,3,3,1,2,2,3,3,3,3,2,3,3,2,1,3,2,1,3,3,NA,2,2,4,3
"Roger Tibar","Reformierakond",3,2,3,4,3,NA,2,3,3,4,3,3,NA,4,1,4,4,4,NA,NA,1,2,3,3,NA,4,3,4,3
"Priit Humal","Isamaa",3,2,1,3,3,2,4,1,3,2,4,1,4,1,4,1,2,1,1,2,1,1,3,1,1,4,2,1,1
"Igor Schvede","Reformierakond",1,1,2,4,2,2,2,2,3,4,4,3,2,3,2,4,3,2,2,4,2,2,1,2,4,3,3,4,3
"Aneli Šmigelskite","Parempoolsed",2,1,1,3,3,3,1,1,4,3,4,1,3,NA,NA,4,NA,2,1,4,3,1,2,2,4,4,4,2,4
"Pille Tsopp-Pagan","Eesti 200",3,4,4,3,NA,3,3,4,2,4,1,3,1,4,1,4,4,4,2,2,3,3,1,1,3,4,3,4,2
"Julia Sommer","Eestimaa Ühendatud Vasakpartei",4,2,4,1,4,1,2,2,1,1,3,4,3,1,4,2,3,4,1,1,1,4,4,4,4,1,3,2,1
"Erki Savisaar","Keskerakond",4,4,3,3,3,4,2,2,3,2,4,2,4,NA,NA,3,2,2,1,1,2,NA,2,1,1,3,3,2,3
"Elmar Bergmann","Eesti 200",2,3,1,2,1,3,4,2,3,4,4,3,3,4,1,4,4,3,2,3,1,1,3,2,4,1,2,4,4
"Toomas Sarapuu","SDE",3,4,2,2,2,3,3,3,2,3,3,3,3,3,NA,3,3,3,2,3,NA,2,2,1,2,2,2,3,3
"Igor Hopp","Eestimaa Ühendatud Vasakpartei",4,3,4,3,4,1,2,3,3,1,4,4,4,1,4,3,2,1,1,1,4,4,4,4,4,1,4,1,1
"Riina Sikkut","SDE",2,4,2,2,3,4,1,3,1,4,4,3,3,4,1,4,4,4,2,3,4,2,2,2,2,1,2,4,4
"Anti Poolamets","EKRE",3,1,4,3,4,3,NA,1,3,1,4,1,4,1,4,2,2,1,1,3,2,1,3,1,2,3,4,1,1
"Arvi Karotam","EKRE",3,3,4,2,4,2,3,1,1,2,4,2,4,1,4,2,1,NA,1,2,1,1,3,1,2,3,3,1,1
"Aivo Peterson","Eestimaa Ühendatud Vasakpartei",3,3,4,2,4,2,3,2,3,1,3,2,3,1,4,3,4,1,1,1,4,4,3,1,2,2,1,1,1
"Maris Neeno","SDE",3,4,3,4,2,3,3,2,3,3,3,2,3,3,3,4,3,2,1,3,4,4,3,2,2,1,3,4,1
"Oliver Rohesalu","Rohelised",3,4,4,2,3,3,3,3,1,4,3,3,1,4,1,4,3,4,2,4,3,2,2,3,4,2,2,4,1
"Laila Kaasik","Rohelised",2,4,4,1,NA,2,2,2,1,4,2,3,NA,4,1,4,4,4,3,3,3,3,3,2,3,2,2,4,1
"Ebekai Härm","Keskerakond",3,3,2,3,4,2,3,3,2,3,3,3,2,2,3,3,4,2,2,3,2,2,2,3,2,3,4,3,2
"Hans Kruusamägi","Keskerakond",4,3,4,2,3,3,2,3,2,2,3,3,3,NA,NA,4,2,2,1,3,2,3,3,1,2,2,2,2,2
"Madis Kallas","SDE",3,3,3,3,3,3,3,2,1,4,3,2,3,NA,3,3,3,3,2,3,2,2,2,2,2,NA,3,4,2
"Taavi Tuvike","Keskerakond",3,3,3,3,3,3,3,2,1,3,4,1,4,2,4,4,2,1,1,3,2,1,2,1,3,1,4,3,1
"Kaspar Kasepõld","Eesti 200",3,3,1,2,1,2,2,2,2,4,3,3,1,4,1,4,NA,3,2,3,2,2,1,2,3,4,4,4,3
"Aare Raam","Eesti 200",3,1,3,2,4,3,3,1,1,3,4,3,4,1,4,4,3,3,1,3,2,1,2,1,4,3,4,3,1
"Mart Rannut","Isamaa",2,2,2,3,1,4,3,2,2,3,4,2,3,2,4,2,3,1,1,4,1,1,3,3,1,2,3,2,3
"Kaia Konsap","Rohelised",3,3,3,2,3,2,2,2,1,4,3,2,3,3,1,4,4,3,2,3,3,4,3,NA,3,2,3,4,1
"Aivar Surva","Reformierakond",3,2,2,3,3,3,3,2,2,3,3,3,3,3,3,3,3,3,2,3,2,2,2,3,3,3,3,3,3
"Stepan Romanov","Eestimaa Ühendatud Vasakpartei",4,4,4,2,4,1,NA,1,1,3,3,4,3,1,4,NA,1,NA,1,1,1,4,3,1,1,1,1,3,1
"Piret Linnas","Isamaa",3,3,4,1,4,4,2,1,1,1,3,1,4,1,4,1,1,1,1,4,1,1,1,1,1,4,4,1,2
"Urmas Aava","Isamaa",3,3,1,4,3,3,1,1,3,2,3,2,3,1,4,NA,NA,2,2,3,1,1,2,2,2,2,3,3,3
"Mait Allas","Reformierakond",3,1,2,4,2,4,3,2,2,4,1,4,2,4,1,4,4,2,2,4,1,2,2,3,4,3,2,4,3
"Marianna Kaat","Eesti 200",2,3,1,4,3,2,3,2,2,4,3,4,4,4,1,NA,4,2,1,4,3,3,1,2,1,NA,3,3,1
"Hestia Rindla","SDE",3,2,3,3,2,3,3,2,2,3,4,2,3,4,2,4,4,2,2,3,1,2,2,2,3,2,2,3,2
"Doris Lisett Rudnevs","Reformierakond",2,1,1,4,2,3,2,4,2,4,2,4,2,4,1,4,4,4,1,4,3,1,1,3,3,4,3,4,3
"Krõõt Nõmmela-Mehide","Eesti 200",3,1,3,3,2,3,3,3,1,4,4,3,4,3,3,4,4,3,1,4,2,1,1,1,3,1,1,4,3
"Ando Kiviberg","Eesti 200",2,3,2,3,3,3,3,2,2,3,4,2,3,4,1,3,2,2,2,3,2,1,2,2,3,4,4,4,3
"Julianna Jurtšenko","Keskerakond",3,4,4,1,4,4,1,3,2,4,3,4,4,2,3,4,3,4,1,4,1,4,4,1,1,3,3,4,4
"Rasmus Lahtvee","Rohelised",2,3,3,3,4,3,3,2,2,4,3,3,3,3,NA,3,NA,2,2,2,4,2,3,2,3,2,2,4,2
"Jüri Jaanson","Reformierakond",4,1,1,2,4,4,3,2,3,4,4,NA,4,NA,4,NA,NA,3,1,3,1,1,3,3,4,3,4,4,4
"Madle Lippus","SDE",2,4,2,3,2,3,3,3,1,4,3,4,2,4,1,4,4,4,1,4,4,4,2,2,2,3,4,4,3
"Anne Eenpalu","Isamaa",3,3,3,2,3,2,4,3,2,2,4,3,3,3,3,3,2,2,2,4,2,1,2,2,3,3,3,3,3
"Juku-Kalle Raid","Eesti 200",2,2,2,2,3,3,3,2,2,3,3,2,2,3,2,3,3,2,2,3,2,2,3,2,3,3,2,3,3
"Anti Allas","SDE",3,3,3,2,3,3,3,2,2,3,4,2,3,3,2,3,4,3,1,3,2,3,3,2,2,3,3,3,2
"Kristen Michal","Reformierakond",3,1,1,4,4,4,4,1,4,4,4,1,1,4,4,4,4,1,1,4,1,1,1,4,4,4,4,4,4
"Ksenia Kravtšenko","Eesti 200",2,1,2,1,1,1,2,1,1,4,3,4,2,4,NA,4,NA,3,1,3,1,3,2,3,3,NA,NA,3,2
"Joel Jesse","Eesti 200",2,1,1,3,1,3,2,3,2,4,3,3,1,4,3,4,4,2,2,3,1,2,2,2,3,4,4,3,3
"Teho Paulus","Üksikkandidaat",1,4,1,2,3,3,3,1,2,3,3,3,3,2,4,NA,NA,2,1,3,1,1,NA,1,2,2,1,1,1
"Andri Võsokovski","Keskerakond",4,3,4,1,2,3,4,3,1,2,4,3,3,1,4,3,3,2,3,4,2,3,4,1,4,2,3,4,1
"Gerry Konnov","Isamaa",3,1,3,3,2,3,4,2,2,4,4,2,4,2,4,4,4,1,2,3,1,1,4,2,3,4,3,2,2
"Toomas Uibo","Eesti 200",2,2,1,3,2,3,3,2,1,4,3,3,3,4,1,4,NA,3,1,3,2,2,2,3,3,3,3,4,4
"Tiit Maran","SDE",2,3,3,2,3,3,3,1,1,4,3,2,3,2,NA,4,4,3,2,2,NA,2,2,1,3,2,2,4,2
"Külli Tammur","Eesti 200",2,1,4,3,2,3,2,4,1,4,3,4,3,4,1,4,4,4,1,4,2,3,1,2,3,3,4,4,4
"Katrin Anto","Keskerakond",4,3,3,1,4,4,3,4,2,2,3,2,2,1,4,3,2,2,3,3,1,1,3,1,3,2,3,2,1
"Kersti Truverk","Isamaa",3,1,1,3,4,3,4,1,3,2,4,2,4,1,4,4,4,2,1,3,1,1,3,4,3,3,3,2,3
"Alo-allar altmets","Eesti 200",2,2,3,3,3,3,2,3,1,4,4,NA,3,4,1,4,4,4,3,4,3,1,1,2,4,4,4,4,3
"Andrus Ilumets","Isamaa",1,1,1,4,4,4,4,1,1,4,4,4,4,1,NA,4,NA,1,1,4,1,1,4,1,4,4,4,2,3
"Silver Tambur","SDE",2,4,2,3,2,2,1,2,2,4,3,3,2,4,1,NA,3,3,2,3,4,3,2,3,2,2,2,3,2
"Margus Lepik","Reformierakond",2,1,2,3,3,3,3,2,3,3,3,3,3,3,3,3,3,2,2,3,2,1,2,3,3,3,3,3,2
"Helir-Valdor Seeder","Isamaa",2,2,2,3,2,4,3,2,2,3,4,2,4,1,4,2,2,2,1,3,2,1,2,2,2,1,3,3,2
"Kaspar Taimsoo","Eesti 200",2,1,2,4,2,3,1,1,3,4,2,4,2,4,1,4,4,4,2,3,2,1,2,2,4,3,4,4,3
"Mart Maastik","Isamaa",3,1,2,3,4,4,4,1,2,2,4,1,4,1,4,4,3,1,1,4,1,1,3,2,2,3,4,2,3
"Marliis Rettau","Reformierakond",3,1,3,2,2,4,4,4,3,4,3,3,2,4,4,4,4,2,1,4,1,2,3,3,4,3,3,4,3
"Urmas Klaas","Reformierakond",3,1,1,4,3,3,3,1,1,4,4,4,2,4,1,4,4,2,1,4,2,1,2,1,3,3,4,4,2
"Mihkel Lees","Reformierakond",3,1,1,3,3,3,3,1,1,4,4,4,2,4,1,4,4,2,1,4,2,1,2,1,3,3,4,4,2
"Jarno Laur","SDE",2,4,3,1,1,3,3,3,3,4,4,4,3,4,1,4,NA,3,2,4,2,NA,3,2,1,4,3,4,4
"Aarne Mäe","EKRE",4,1,4,2,4,2,2,1,2,1,4,1,4,1,4,2,1,2,1,2,3,1,2,3,3,4,3,2,3
"Eve Altrov","Reformierakond",3,1,2,2,1,3,3,2,2,3,3,2,3,3,2,3,3,3,2,3,2,2,2,3,3,3,2,3,3
"Aivar Sõerd","Reformierakond",2,2,2,4,2,3,3,NA,2,3,4,NA,3,NA,4,NA,NA,2,1,3,2,1,2,3,3,3,3,3,2
"Aat Purje","EKRE",3,1,3,4,4,2,4,1,3,1,4,1,4,1,4,2,2,1,1,2,2,1,3,2,1,4,4,1,1
"Agnes Pulk","EKRE",3,2,4,2,4,1,3,1,2,1,4,1,4,1,4,1,3,3,1,2,3,1,3,1,1,3,4,2,1
"Agu Laius","Parempoolsed",2,1,3,4,2,3,1,1,3,2,3,NA,2,3,NA,4,NA,3,2,4,3,3,1,4,3,4,4,4,3
"Aivar Helstein","Parempoolsed",4,3,4,4,3,4,1,3,2,1,4,3,4,3,4,3,2,1,2,4,2,1,2,1,4,2,3,3,1
"Alar Voitka","Parempoolsed",2,1,1,3,1,3,3,1,2,3,3,1,3,NA,NA,3,NA,2,1,3,3,1,1,3,3,2,4,2,3
"Andres Kaarmann","Parempoolsed",2,1,1,3,1,3,2,1,2,3,2,1,2,NA,NA,3,NA,2,1,4,2,2,1,3,4,4,4,3,4
"Ann Räämet","Parempoolsed",2,1,1,3,1,3,2,1,2,3,3,1,3,NA,NA,3,NA,2,1,3,3,2,2,2,4,4,4,4,4
"Ants Frosch","EKRE",3,4,4,3,3,3,4,1,2,2,4,2,4,1,4,3,2,3,1,2,3,1,2,1,1,4,3,1,2
"Arne Merilai","Parempoolsed",2,1,1,3,1,3,2,1,2,3,3,2,3,4,1,3,4,2,1,3,3,2,2,4,4,4,4,4,4
"Birgit Remiküll","Parempoolsed",2,1,1,3,1,3,2,2,2,4,3,2,3,4,1,NA,NA,3,1,4,3,1,1,4,4,3,4,4,3
"Daniel Mereäär","EKRE",4,3,3,3,4,1,4,1,1,2,4,1,4,1,4,1,1,1,1,2,4,1,4,1,4,4,4,1,1
"Elmo Somelar","Parempoolsed",2,1,1,3,4,4,3,2,1,4,4,4,1,NA,2,NA,4,2,2,3,2,1,1,4,4,3,4,4,2
"Ermo Täks","Parempoolsed",2,2,2,3,2,3,1,1,3,3,3,1,3,NA,NA,3,NA,2,1,3,3,2,2,4,3,4,4,4,3
"Greta Pukk","Parempoolsed",2,1,1,3,1,3,2,1,1,3,3,2,2,4,2,4,4,4,2,3,2,2,3,3,3,3,4,3,3
"Heiko Kiisk","Parempoolsed",2,1,3,3,2,3,2,1,3,NA,3,2,2,1,3,3,NA,2,1,NA,2,1,1,3,4,4,4,NA,NA
"Hindrek Männik","Parempoolsed",4,1,4,4,4,1,4,1,1,1,4,3,1,NA,3,4,3,3,1,4,1,4,1,4,1,3,4,4,1
"Ivo Loide","Parempoolsed",3,3,3,1,3,2,2,2,3,1,3,3,4,4,1,3,4,1,1,3,1,3,3,4,1,4,4,1,2
"Jaak Valge","EKRE",2,3,3,3,4,2,NA,1,2,1,4,1,4,1,4,NA,4,1,1,2,2,1,3,2,1,4,3,2,1
"Jako Kull","EKRE",3,2,3,3,4,2,2,1,2,3,4,1,4,1,4,1,1,2,1,3,3,1,2,1,2,3,3,3,1
"Kadri Sommer","Parempoolsed",2,1,1,3,4,1,3,3,3,3,3,3,2,4,1,4,4,3,1,3,3,1,1,1,4,4,2,3,3
"Karit Tuusula Mölder","Parempoolsed",2,1,1,3,1,3,1,2,2,3,3,2,3,4,1,4,NA,2,1,3,2,2,3,4,4,4,4,3,4
"Leana Kruuse","EKRE",4,3,3,2,4,2,4,1,3,1,4,1,4,1,4,2,2,2,1,3,1,1,1,2,2,3,3,1,1
"Malle Pärn","EKRE",3,3,4,2,4,2,4,1,2,1,4,1,3,1,4,NA,2,1,1,1,2,1,2,1,2,NA,3,1,1
"Marelle Erlenheim","Parempoolsed",2,1,1,3,1,3,2,2,2,3,3,1,3,4,NA,3,NA,3,1,3,3,2,2,3,3,4,4,4,4
"Eve Pärnaste","EKRE",3,1,3,2,4,2,4,1,2,1,4,1,4,1,4,1,2,1,1,3,1,1,4,1,1,4,4,1,1
"Mart Kallas","EKRE",3,3,4,2,4,1,1,1,2,1,4,1,4,1,4,2,NA,2,1,3,2,1,2,1,2,4,3,1,2
"Mikk Umbleja","Parempoolsed",2,1,1,3,1,3,2,1,2,3,4,2,3,NA,3,3,NA,2,1,3,3,2,2,4,4,4,4,4,4
"Priit Põllumäe","Parempoolsed",2,2,1,3,2,3,2,1,2,3,3,1,3,NA,3,3,NA,2,1,3,2,1,1,3,4,4,4,3,3
"Priit Willbach","EKRE",3,3,2,3,4,2,3,1,NA,3,4,2,3,2,4,2,2,2,1,1,2,2,NA,2,2,2,4,1,NA
"Varro Vooglaid","EKRE",3,1,3,3,4,2,4,1,2,1,4,1,4,1,4,1,1,1,1,1,1,1,1,2,3,3,3,1,2
"Lea Nilson","Isamaa",3,3,1,1,1,3,4,1,3,2,4,2,3,1,4,4,2,2,1,3,1,1,3,4,NA,3,3,4,3
"Sigrid Nuutre","Isamaa",2,1,1,3,1,2,2,2,3,NA,4,2,3,3,3,2,3,3,1,3,3,2,3,NA,2,NA,2,4,3
"Ela Tomson","Isamaa",3,1,2,3,1,3,3,2,3,1,4,1,4,1,4,2,2,2,1,3,1,1,3,4,NA,2,3,3,2
"Anna Õuekallas","Reformierakond",4,1,1,4,2,3,3,1,1,4,4,3,3,4,1,3,3,3,2,3,1,1,3,3,3,3,3,4,3
"Viktoria Lepp","Eesti 200",2,2,2,3,3,3,1,2,2,4,3,4,2,4,1,3,4,3,2,3,3,2,2,3,3,3,3,4,2
"Mikk Tarros","Reformierakond",2,1,1,3,3,3,2,3,3,4,2,3,1,3,1,4,3,4,1,4,3,3,2,1,4,4,4,4,2
"Peeter-Eerik Ots","Eesti 200",2,2,1,4,2,2,4,1,2,4,2,4,2,4,1,3,4,2,2,3,3,2,1,4,3,2,4,4,2
"Märt Meesak","Eesti 200",3,2,3,3,3,3,2,2,3,3,3,3,2,3,2,4,3,2,2,3,3,2,1,3,2,3,3,3,3
"Mart Võrklaev","Reformierakond",2,1,1,3,1,3,3,2,2,4,3,3,3,3,3,4,4,2,1,4,2,1,3,3,4,4,3,4,3
"Ulla Preeden","Isamaa",2,2,1,3,1,3,4,2,3,2,4,2,3,3,NA,NA,NA,2,1,3,2,2,3,3,NA,NA,3,3,3
"Ott Kasuri","Reformierakond",2,2,2,3,2,4,3,2,2,2,3,3,4,3,2,4,4,2,1,4,2,1,1,2,3,4,4,3,3
"Helle Kullerkupp","EKRE",2,4,4,1,4,3,3,1,2,1,4,2,4,1,4,1,3,1,1,1,1,1,1,1,2,3,2,1,1
"Oliver Liidemann","Rohelised",3,3,4,2,4,1,1,2,1,4,4,2,3,3,NA,1,4,4,1,3,4,1,4,3,2,1,3,4,1
"Kristiina Tõnnisson","Eesti 200",3,3,3,3,4,3,2,2,2,3,4,3,2,3,3,3,4,2,2,3,1,2,2,1,2,1,3,3,1
"Karel Kuningas","Parempoolsed",2,2,2,3,2,3,3,2,2,3,NA,2,3,3,NA,3,3,2,2,3,NA,1,2,3,3,3,3,3,2
"Jorma Puusaag","Parempoolsed",2,1,1,3,1,3,1,1,2,3,3,2,3,NA,NA,3,3,2,1,3,2,2,2,3,3,4,4,3,3
"Elar Niglas","EKRE",3,1,3,3,3,4,4,2,2,3,3,1,4,1,4,2,2,2,1,3,2,1,2,2,2,3,3,2,2
"Aivar Kokk","Isamaa",3,1,3,3,1,3,4,1,3,2,3,2,4,2,4,3,3,2,1,3,2,1,3,3,NA,2,3,2,3
"Gea Kangilaski","Eesti 200",2,3,2,3,1,3,1,2,1,4,3,4,2,4,1,4,4,4,NA,4,3,3,2,1,2,NA,3,4,2
"Henrik Aavik","Parempoolsed",2,2,1,4,1,2,2,2,1,3,2,3,2,3,1,4,4,3,3,3,3,1,2,4,4,4,3,4,3
"Natalie Mets","SDE",2,4,4,1,1,3,2,4,1,4,2,4,3,4,1,4,4,4,2,3,3,1,3,2,3,3,2,4,3
"Maarja Metstak","Reformierakond",1,1,1,3,1,4,1,4,2,4,3,4,2,4,1,4,4,4,3,4,3,1,2,4,4,3,3,4,3
"Rain Epler","EKRE",2,1,4,4,4,3,4,1,3,1,4,1,4,1,4,1,NA,1,1,2,2,1,2,3,1,4,4,1,2
"Laura Kiviselg","Reformierakond",3,1,1,3,2,3,1,4,1,4,4,3,2,4,1,4,4,4,3,3,2,1,2,2,4,4,3,4,3
"Marti Kuusik","EKRE",3,2,4,3,4,3,3,1,2,3,4,1,4,1,4,2,2,2,1,2,2,1,2,2,2,3,3,2,2
"Annely Akkermann","Reformierakond",2,1,2,4,1,2,3,3,1,4,4,4,2,2,3,NA,NA,2,2,4,2,1,2,3,4,1,4,3,4
